image,noise_ratio,method,PSNR,SSIM,IEF
kodim01,0.1,DBRAMF W3×3,31.25066434879834,0.9754107250934704,37.52596672633139
kodim01,0.1,DBRAMF W5×5,31.25066434879834,0.9754107250934704,37.52596672633139
kodim01,0.1,DBRAMF W7×7,31.25066434879834,0.9754107250934704,37.52596672633139
kodim01,0.2,DBRAMF W3×3,29.248430869717495,0.9485114927351793,47.157625282482776
kodim01,0.2,DBRAMF W5×5,29.248430869717495,0.9485114927351793,47.157625282482776
kodim01,0.2,DBRAMF W7×7,29.248430869717495,0.9485114927351793,47.157625282482776
kodim01,0.3,DBRAMF W3×3,27.56362573057467,0.9140177207390376,47.9983287775301
kodim01,0.3,DBRAMF W5×5,27.563639881632504,0.9140177459935632,47.9984851756105
kodim01,0.3,DBRAMF W7×7,27.563639881632504,0.9140177459935632,47.9984851756105
kodim01,0.4,DBRAMF W3×3,26.0594009282711,0.8706192657537579,45.166095696943735
kodim01,0.4,DBRAMF W5×5,26.05941744905806,0.8706193113818562,45.166267511437155
kodim01,0.4,DBRAMF W7×7,26.05941744905806,0.8706193113818562,45.166267511437155
kodim01,0.5,DBRAMF W3×3,24.60246587201157,0.8141963594356789,40.322522030356915
kodim01,0.5,DBRAMF W5×5,24.602477684380155,0.8141964056127424,40.32263170366845
kodim01,0.5,DBRAMF W7×7,24.602477684380155,0.8141964056127424,40.32263170366845
kodim01,0.6,DBRAMF W3×3,23.27656314924201,0.7424559310281713,35.65755501045548
kodim01,0.6,DBRAMF W5×5,23.276571853796778,0.7424559151901233,35.657626478886336
kodim01,0.6,DBRAMF W7×7,23.276571853796778,0.7424559151901233,35.657626478886336
kodim01,0.7,DBRAMF W3×3,21.918912510716826,0.6497266877896347,30.39759146885617
kodim01,0.7,DBRAMF W5×5,21.91891948610364,0.6497265385979578,30.3976402917489
kodim01,0.7,DBRAMF W7×7,21.91891948610364,0.6497265385979578,30.3976402917489
kodim01,0.8,DBRAMF W3×3,20.55071603282223,0.5306091234186138,25.367710806939602
kodim01,0.8,DBRAMF W5×5,20.55071603282223,0.5306091234186138,25.367710806939602
kodim01,0.8,DBRAMF W7×7,20.5507864307257,0.5306120514933786,25.368122013667996
kodim01,0.9,DBRAMF W3×3,18.76214983893966,0.3664390595929917,18.9159033072336
kodim01,0.9,DBRAMF W5×5,18.76214983893966,0.3664390595929917,18.9159033072336
kodim01,0.9,DBRAMF W7×7,18.7622475906476,0.3664527131229131,18.91632907425165
kodim02,0.1,DBRAMF W3×3,34.417832997328276,0.9835968943675631,80.85725655008396
kodim02,0.1,DBRAMF W5×5,34.417832997328276,0.9835968943675631,80.85725655008396
kodim02,0.1,DBRAMF W7×7,34.417832997328276,0.9835968943675631,80.85725655008396
kodim02,0.2,DBRAMF W3×3,33.644861766257605,0.9666373487984518,135.3808755284584
kodim02,0.2,DBRAMF W5×5,33.644861766257605,0.9666373487984518,135.3808755284584
kodim02,0.2,DBRAMF W7×7,33.644861766257605,0.9666373487984518,135.3808755284584
kodim02,0.3,DBRAMF W3×3,32.85074913216106,0.9467148508290781,168.91998238989936
kodim02,0.3,DBRAMF W5×5,32.850900090168906,0.9467150135608752,168.92585404341392
kodim02,0.3,DBRAMF W7×7,32.850900090168906,0.9467150135608752,168.92585404341392
kodim02,0.4,DBRAMF W3×3,32.06700291595435,0.9228244874102866,187.84258674008532
kodim02,0.4,DBRAMF W5×5,32.067224636021365,0.9228248994353437,187.85217689971486
kodim02,0.4,DBRAMF W7×7,32.067224636021365,0.9228248994353437,187.85217689971486
kodim02,0.5,DBRAMF W3×3,31.138893866238906,0.8934585541535253,189.5498865171056
kodim02,0.5,DBRAMF W5×5,31.139072923510707,0.8934589675925536,189.5577017177686
kodim02,0.5,DBRAMF W7×7,31.139072923510707,0.8934589675925536,189.5577017177686
kodim02,0.6,DBRAMF W3×3,30.1499327881808,0.8570487128435454,181.15390568689503
kodim02,0.6,DBRAMF W5×5,30.15007537981029,0.8570492725599385,181.1598535991379
kodim02,0.6,DBRAMF W7×7,30.15007537981029,0.8570492725599385,181.1598535991379
kodim02,0.7,DBRAMF W3×3,29.083143375965108,0.8120709623500953,165.4081942333991
kodim02,0.7,DBRAMF W5×5,29.083269902396932,0.812071713005443,165.41301327079188
kodim02,0.7,DBRAMF W7×7,29.083269902396932,0.812071713005443,165.41301327079188
kodim02,0.8,DBRAMF W3×3,27.592488250751313,0.7561754021395066,134.20036245359947
kodim02,0.8,DBRAMF W5×5,27.592488250751313,0.7561754021395066,134.20036245359947
kodim02,0.8,DBRAMF W7×7,27.592602410542106,0.7561477822505419,134.2038901260196
kodim02,0.9,DBRAMF W3×3,25.32208900637539,0.6778649337770113,89.56579408548603
kodim02,0.9,DBRAMF W5×5,25.32208900637539,0.6778649337770113,89.56579408548603
kodim02,0.9,DBRAMF W7×7,25.32101167973024,0.677762969357022,89.54357882523243
kodim03,0.1,DBRAMF W3×3,34.563929692250255,0.9902050432676648,80.97508325307257
kodim03,0.1,DBRAMF W5×5,34.563929692250255,0.9902050432676648,80.97508325307257
kodim03,0.1,DBRAMF W7×7,34.563929692250255,0.9902050432676648,80.97508325307257
kodim03,0.2,DBRAMF W3×3,33.918293544700056,0.9802981605789952,140.12139750705475
kodim03,0.2,DBRAMF W5×5,33.918293544700056,0.9802981605789952,140.12139750705475
kodim03,0.2,DBRAMF W7×7,33.918293544700056,0.9802981605789952,140.12139750705475
kodim03,0.3,DBRAMF W3×3,33.170825390721234,0.9677954846662289,177.20179433999493
kodim03,0.3,DBRAMF W5×5,33.17082891569171,0.9677954870258761,177.20193816667802
kodim03,0.3,DBRAMF W7×7,33.17082891569171,0.9677954870258761,177.20193816667802
kodim03,0.4,DBRAMF W3×3,32.3193980944953,0.9524473698254525,193.93779491690154
kodim03,0.4,DBRAMF W5×5,32.31940244063873,0.9524473768548233,193.93798899763044
kodim03,0.4,DBRAMF W7×7,32.31940244063873,0.9524473768548233,193.93798899763044
kodim03,0.5,DBRAMF W3×3,31.402408400961555,0.932926859643403,195.94820086059653
kodim03,0.5,DBRAMF W5×5,31.40241191984632,0.9329268667000217,195.9483596283097
kodim03,0.5,DBRAMF W7×7,31.40241191984632,0.9329268667000217,195.9483596283097
kodim03,0.6,DBRAMF W3×3,30.309766617269077,0.9073876545783626,183.07243235401444
kodim03,0.6,DBRAMF W5×5,30.3097693534249,0.907387669040462,183.07254769392338
kodim03,0.6,DBRAMF W7×7,30.3097693534249,0.907387669040462,183.07254769392338
kodim03,0.7,DBRAMF W3×3,28.908674725249274,0.8714490939475505,154.70705745972163
kodim03,0.7,DBRAMF W5×5,28.908676706920488,0.871449113201555,154.70712805205116
kodim03,0.7,DBRAMF W7×7,28.908676706920488,0.871449113201555,154.70712805205116
kodim03,0.8,DBRAMF W3×3,26.9126197283364,0.8150470411882003,111.74470188876604
kodim03,0.8,DBRAMF W5×5,26.9126197283364,0.8150470411882003,111.74470188876604
kodim03,0.8,DBRAMF W7×7,26.912422498618767,0.8150451133283242,111.73962725013266
kodim03,0.9,DBRAMF W3×3,23.84578218765034,0.7195204366308523,62.05362592202185
kodim03,0.9,DBRAMF W5×5,23.84578218765034,0.7195204366308523,62.05362592202185
kodim03,0.9,DBRAMF W7×7,23.845488855117488,0.7195136580323739,62.04943481821507
kodim04,0.1,DBRAMF W3×3,34.564031713381404,0.9871821266076065,81.94180828690963
kodim04,0.1,DBRAMF W5×5,34.564031713381404,0.9871821266076065,81.94180828690963
kodim04,0.1,DBRAMF W7×7,34.564031713381404,0.9871821266076065,81.94180828690963
kodim04,0.2,DBRAMF W3×3,33.63115499310795,0.9732775052773771,131.78084401696677
kodim04,0.2,DBRAMF W5×5,33.63115499310795,0.9732775052773771,131.78084401696677
kodim04,0.2,DBRAMF W7×7,33.63115499310795,0.9732775052773771,131.78084401696677
kodim04,0.3,DBRAMF W3×3,32.682577372259104,0.9566199297787743,158.6818564373115
kodim04,0.3,DBRAMF W5×5,32.68258052240497,0.9566199283175332,158.68197153690323
kodim04,0.3,DBRAMF W7×7,32.68258052240497,0.9566199283175332,158.68197153690323
kodim04,0.4,DBRAMF W3×3,31.667783623249445,0.9358118149013104,167.70208250875132
kodim04,0.4,DBRAMF W5×5,31.667786865112358,0.9358118269883235,167.70220769278828
kodim04,0.4,DBRAMF W7×7,31.667786865112358,0.9358118269883235,167.70220769278828
kodim04,0.5,DBRAMF W3×3,30.514705039495425,0.9088736668560735,160.9427287357587
kodim04,0.5,DBRAMF W5×5,30.514707525413147,0.9088736748519711,160.94282085999984
kodim04,0.5,DBRAMF W7×7,30.514707525413147,0.9088736748519711,160.94282085999984
kodim04,0.6,DBRAMF W3×3,29.293294658035414,0.8734237616372031,145.8192434588758
kodim04,0.6,DBRAMF W5×5,29.2932962458325,0.8734237402591705,145.8192967709535
kodim04,0.6,DBRAMF W7×7,29.2932962458325,0.8734237402591705,145.8192967709535
kodim04,0.7,DBRAMF W3×3,27.75805221678691,0.822825166633814,119.47926549486087
kodim04,0.7,DBRAMF W5×5,27.75805535903045,0.8228251673346867,119.47935194152357
kodim04,0.7,DBRAMF W7×7,27.75805535903045,0.8228251673346867,119.47935194152357
kodim04,0.8,DBRAMF W3×3,25.745803926506564,0.7467198096208728,85.8703023255025
kodim04,0.8,DBRAMF W5×5,25.745789003089605,0.7467181740511325,85.87000725472042
kodim04,0.8,DBRAMF W7×7,25.745789003089605,0.7467181740511325,85.87000725472042
kodim04,0.9,DBRAMF W3×3,22.52491139320221,0.6094545871234205,45.99417637268887
kodim04,0.9,DBRAMF W5×5,22.52491139320221,0.6094545871234205,45.99417637268887
kodim04,0.9,DBRAMF W7×7,22.52491139320221,0.6094545871234205,45.99417637268887
kodim05,0.1,DBRAMF W3×3,31.975440211531527,0.9845043943511682,49.806746991159834
kodim05,0.1,DBRAMF W5×5,31.975440211531527,0.9845043943511682,49.806746991159834
kodim05,0.1,DBRAMF W7×7,31.975440211531527,0.9845043943511682,49.806746991159834
kodim05,0.2,DBRAMF W3×3,29.84871652570228,0.9666369836306045,61.2488219653088
kodim05,0.2,DBRAMF W5×5,29.84871652570228,0.9666369836306045,61.2488219653088
kodim05,0.2,DBRAMF W7×7,29.84871652570228,0.9666369836306045,61.2488219653088
kodim05,0.3,DBRAMF W3×3,28.051431699466573,0.9423326606515638,60.7569596420952
kodim05,0.3,DBRAMF W5×5,28.05146640251713,0.9423329678252512,60.757445133012894
kodim05,0.3,DBRAMF W7×7,28.05146640251713,0.9423329678252512,60.757445133012894
kodim05,0.4,DBRAMF W3×3,26.408778858949514,0.910424830480225,55.51083680625087
kodim05,0.4,DBRAMF W5×5,26.408819274786367,0.9104255616166614,55.51135339751714
kodim05,0.4,DBRAMF W7×7,26.408819274786367,0.9104255616166614,55.51135339751714
kodim05,0.5,DBRAMF W3×3,24.828936924744205,0.8659431348249902,48.25952352790048
kodim05,0.5,DBRAMF W5×5,24.82896501571616,0.8659438657589905,48.25983568045197
kodim05,0.5,DBRAMF W7×7,24.82896501571616,0.8659438657589905,48.25983568045197
kodim05,0.6,DBRAMF W3×3,23.16802116113586,0.8028746275692739,39.55350679206772
kodim05,0.6,DBRAMF W5×5,23.168040324632,0.8028753760938444,39.5536813245977
kodim05,0.6,DBRAMF W7×7,23.168040324632,0.8028753760938444,39.5536813245977
kodim05,0.7,DBRAMF W3×3,21.361706664378175,0.7100307204902103,30.413328391944894
kodim05,0.7,DBRAMF W5×5,21.361720562154403,0.7100316368698985,30.413425717222164
kodim05,0.7,DBRAMF W7×7,21.361720562154403,0.7100316368698985,30.413425717222164
kodim05,0.8,DBRAMF W3×3,19.319048689979073,0.5725798070548546,21.71150980878568
kodim05,0.8,DBRAMF W5×5,19.319048689979073,0.5725798070548546,21.71150980878568
kodim05,0.8,DBRAMF W7×7,19.319123165587744,0.5725907420188269,21.711882134900808
kodim05,0.9,DBRAMF W3×3,16.802126306230726,0.37711563620020255,13.67364483205652
kodim05,0.9,DBRAMF W5×5,16.802126306230726,0.37711563620020255,13.67364483205652
kodim05,0.9,DBRAMF W7×7,16.80222722971392,0.3771524528792114,13.673962590618174
kodim06,0.1,DBRAMF W3×3,32.416781878671166,0.9787914094233651,53.716977752827326
kodim06,0.1,DBRAMF W5×5,32.416781878671166,0.9787914094233651,53.716977752827326
kodim06,0.1,DBRAMF W7×7,32.416781878671166,0.9787914094233651,53.716977752827326
kodim06,0.2,DBRAMF W3×3,30.587786525423525,0.9556807530398413,70.11337378092895
kodim06,0.2,DBRAMF W5×5,30.587786525423525,0.9556807530398413,70.11337378092895
kodim06,0.2,DBRAMF W7×7,30.587786525423525,0.9556807530398413,70.11337378092895
kodim06,0.3,DBRAMF W3×3,28.998741078551674,0.9259413968118653,72.88525034587649
kodim06,0.3,DBRAMF W5×5,28.99894529135308,0.9259414196062186,72.888677617398
kodim06,0.3,DBRAMF W7×7,28.99894529135308,0.9259414196062186,72.888677617398
kodim06,0.4,DBRAMF W3×3,27.494748191627746,0.8881440224959847,68.8767087972565
kodim06,0.4,DBRAMF W5×5,27.49499080016487,0.8881441046386933,68.88055654227811
kodim06,0.4,DBRAMF W7×7,27.49499080016487,0.8881441046386933,68.88055654227811
kodim06,0.5,DBRAMF W3×3,26.129941186530058,0.8399652393402977,62.87011529526945
kodim06,0.5,DBRAMF W5×5,26.130118369553166,0.8399653214879711,62.87268031619258
kodim06,0.5,DBRAMF W7×7,26.130118369553166,0.8399653214879711,62.87268031619258
kodim06,0.6,DBRAMF W3×3,24.634094355765196,0.7763576020239329,53.44096934839505
kodim06,0.6,DBRAMF W5×5,24.63421991100531,0.7763577422421128,53.44251435783207
kodim06,0.6,DBRAMF W7×7,24.63421991100531,0.7763577422421128,53.44251435783207
kodim06,0.7,DBRAMF W3×3,23.24782659152344,0.6983186475426946,45.26650976865985
kodim06,0.7,DBRAMF W5×5,23.247925478611002,0.6983188435505359,45.26754048041497
kodim06,0.7,DBRAMF W7×7,23.247925478611002,0.6983188435505359,45.26754048041497
kodim06,0.8,DBRAMF W3×3,21.61334445114726,0.5987876213803476,35.540344302533185
kodim06,0.8,DBRAMF W5×5,21.61334445114726,0.5987876213803476,35.540344302533185
kodim06,0.8,DBRAMF W7×7,21.60397261350223,0.5987496911562896,35.463732872625755
kodim06,0.9,DBRAMF W3×3,18.984177533422635,0.468582696136186,21.80729833607571
kodim06,0.9,DBRAMF W5×5,18.984177533422635,0.468582696136186,21.80729833607571
kodim06,0.9,DBRAMF W7×7,18.97768192758612,0.46855094266023284,21.77470622608771
kodim07,0.1,DBRAMF W3×3,34.617049520750264,0.993725429199335,80.07376672430874
kodim07,0.1,DBRAMF W5×5,34.617049520750264,0.993725429199335,80.07376672430874
kodim07,0.1,DBRAMF W7×7,34.617049520750264,0.993725429199335,80.07376672430874
kodim07,0.2,DBRAMF W3×3,33.508664672877316,0.9863091327796949,123.63682755986329
kodim07,0.2,DBRAMF W5×5,33.508664672877316,0.9863091327796949,123.63682755986329
kodim07,0.2,DBRAMF W7×7,33.508664672877316,0.9863091327796949,123.63682755986329
kodim07,0.3,DBRAMF W3×3,32.30080200078608,0.9757129394835428,140.23434051313842
kodim07,0.3,DBRAMF W5×5,32.30084412268401,0.9757129722205931,140.23570064214505
kodim07,0.3,DBRAMF W7×7,32.30084412268401,0.9757129722205931,140.23570064214505
kodim07,0.4,DBRAMF W3×3,30.885051585895376,0.959656484574615,135.37020358414077
kodim07,0.4,DBRAMF W5×5,30.885101357118945,0.9596565637759424,135.3717549691008
kodim07,0.4,DBRAMF W7×7,30.885101357118945,0.9596565637759424,135.3717549691008
kodim07,0.5,DBRAMF W3×3,29.227188367390752,0.9345652839527634,115.63379424550268
kodim07,0.5,DBRAMF W5×5,29.22722234487392,0.9345653629607941,115.63469892212893
kodim07,0.5,DBRAMF W7×7,29.22722234487392,0.9345653629607941,115.63469892212893
kodim07,0.6,DBRAMF W3×3,27.42634268021595,0.8953272565623261,91.5981841369899
kodim07,0.6,DBRAMF W5×5,27.42636512451572,0.8953274181040619,91.59865751680505
kodim07,0.6,DBRAMF W7×7,27.42636512451572,0.8953274181040619,91.59865751680505
kodim07,0.7,DBRAMF W3×3,25.40527103526458,0.8321595085020168,66.9818636652575
kodim07,0.7,DBRAMF W5×5,25.405286130524416,0.8321597125262481,66.9820964820295
kodim07,0.7,DBRAMF W7×7,25.405286130524416,0.8321597125262481,66.9820964820295
kodim07,0.8,DBRAMF W3×3,23.20206386304331,0.7300041257898093,46.07510619252943
kodim07,0.8,DBRAMF W5×5,23.20206386304331,0.7300041257898093,46.07510619252943
kodim07,0.8,DBRAMF W7×7,23.201994523986144,0.7299930663381863,46.07437056749816
kodim07,0.9,DBRAMF W3×3,20.4006400708619,0.5641409506151829,27.20591199120055
kodim07,0.9,DBRAMF W5×5,20.4006400708619,0.5641409506151829,27.20591199120055
kodim07,0.9,DBRAMF W7×7,20.400343226703498,0.5640973627099864,27.204052506359446
kodim08,0.1,DBRAMF W3×3,25.831263215964974,0.9626790604405159,12.0041425872657
kodim08,0.1,DBRAMF W5×5,25.831263215964974,0.9626790604405159,12.0041425872657
kodim08,0.1,DBRAMF W7×7,25.831263215964974,0.9626790604405159,12.0041425872657
kodim08,0.2,DBRAMF W3×3,24.496914355915177,0.9356251567887484,17.582728965053917
kodim08,0.2,DBRAMF W5×5,24.496914355915177,0.9356251567887484,17.582728965053917
kodim08,0.2,DBRAMF W7×7,24.496914355915177,0.9356251567887484,17.582728965053917
kodim08,0.3,DBRAMF W3×3,23.331732337884677,0.9031017769191125,20.128173666942427
kodim08,0.3,DBRAMF W5×5,23.331752127814664,0.9031017879149676,20.12826538720871
kodim08,0.3,DBRAMF W7×7,23.331752127814664,0.9031017879149676,20.12826538720871
kodim08,0.4,DBRAMF W3×3,22.135641131633832,0.861601369928385,20.402443867021066
kodim08,0.4,DBRAMF W5×5,22.135665878250098,0.8616013982757571,20.40256012290475
kodim08,0.4,DBRAMF W7×7,22.135665878250098,0.8616013982757571,20.40256012290475
kodim08,0.5,DBRAMF W3×3,21.02114349637317,0.8087305896630563,19.743253589539428
kodim08,0.5,DBRAMF W5×5,21.021162641832063,0.8087306180104284,19.743340625985663
kodim08,0.5,DBRAMF W7×7,21.021162641832063,0.8087306180104284,19.743340625985663
kodim08,0.6,DBRAMF W3×3,19.82902319273387,0.7404077807072427,18.02652181660167
kodim08,0.6,DBRAMF W5×5,19.8290377424165,0.7404078564360242,18.026582208944106
kodim08,0.6,DBRAMF W7×7,19.8290377424165,0.7404078564360242,18.026582208944106
kodim08,0.7,DBRAMF W3×3,18.51365991388436,0.6485511974008394,15.55494920979875
kodim08,0.7,DBRAMF W5×5,18.51367143362519,0.6485512989833088,15.554990469641691
kodim08,0.7,DBRAMF W7×7,18.51367143362519,0.6485512989833088,15.554990469641691
kodim08,0.8,DBRAMF W3×3,16.890059327844703,0.516504200127746,12.23196392339094
kodim08,0.8,DBRAMF W5×5,16.890059327844703,0.516504200127746,12.23196392339094
kodim08,0.8,DBRAMF W7×7,16.889725597199043,0.5164968244334673,12.231024002543283
kodim08,0.9,DBRAMF W3×3,14.618359550768803,0.31973872219407257,8.14440409267112
kodim08,0.9,DBRAMF W5×5,14.618359550768803,0.31973872219407257,8.14440409267112
kodim08,0.9,DBRAMF W7×7,14.617144466334373,0.31970578991666415,8.142125741277349
kodim09,0.1,DBRAMF W3×3,34.55616175289238,0.9895854804894054,78.0870160326249
kodim09,0.1,DBRAMF W5×5,34.55616175289238,0.9895854804894054,78.0870160326249
kodim09,0.1,DBRAMF W7×7,34.55616175289238,0.9895854804894054,78.0870160326249
kodim09,0.2,DBRAMF W3×3,33.46837828989709,0.9782941949452116,121.68506851746484
kodim09,0.2,DBRAMF W5×5,33.46837828989709,0.9782941949452116,121.68506851746484
kodim09,0.2,DBRAMF W7×7,33.46837828989709,0.9782941949452116,121.68506851746484
kodim09,0.3,DBRAMF W3×3,32.207286638651,0.9639335347136841,136.56160819819854
kodim09,0.3,DBRAMF W5×5,32.2077816419568,0.9639343863181331,136.57717420303166
kodim09,0.3,DBRAMF W7×7,32.2077816419568,0.9639343863181331,136.57717420303166
kodim09,0.4,DBRAMF W3×3,30.927692354328833,0.9453412560623874,135.2535403270864
kodim09,0.4,DBRAMF W5×5,30.928061659153624,0.9453421617706216,135.26504217914967
kodim09,0.4,DBRAMF W7×7,30.928061659153624,0.9453421617706216,135.26504217914967
kodim09,0.5,DBRAMF W3×3,29.488197010876696,0.9214207912146904,121.2106986872619
kodim09,0.5,DBRAMF W5×5,29.488462123396552,0.9214216969229245,121.2180981491332
kodim09,0.5,DBRAMF W7×7,29.488462123396552,0.9214216969229245,121.2180981491332
kodim09,0.6,DBRAMF W3×3,27.99483829844617,0.8886701292424389,103.00389967288129
kodim09,0.6,DBRAMF W5×5,27.995026269297924,0.8886710359110245,103.00835797262361
kodim09,0.6,DBRAMF W7×7,27.995026269297924,0.8886710359110245,103.00835797262361
kodim09,0.7,DBRAMF W3×3,26.35691172778924,0.8428518369323846,82.45806746902724
kodim09,0.7,DBRAMF W5×5,26.357189158609287,0.842855368993042,82.4633351251748
kodim09,0.7,DBRAMF W7×7,26.357189158609287,0.842855368993042,82.4633351251748
kodim09,0.8,DBRAMF W3×3,24.108653466730185,0.7708677325900524,56.120877934382015
kodim09,0.8,DBRAMF W5×5,24.109356565230563,0.7708625461923333,56.12996432644734
kodim09,0.8,DBRAMF W7×7,24.109356565230563,0.7708625461923333,56.12996432644734
kodim09,0.9,DBRAMF W3×3,21.095727052329,0.6481070948106208,31.562396130195733
kodim09,0.9,DBRAMF W5×5,21.095727052329,0.6481070948106208,31.562396130195733
kodim09,0.9,DBRAMF W7×7,21.095727052329,0.6481070948106208,31.562396130195733
kodim10,0.1,DBRAMF W3×3,33.580843506882346,0.988377191098657,62.642556743612296
kodim10,0.1,DBRAMF W5×5,33.580843506882346,0.988377191098657,62.642556743612296
kodim10,0.1,DBRAMF W7×7,33.580843506882346,0.988377191098657,62.642556743612296
kodim10,0.2,DBRAMF W3×3,32.40576737793755,0.9764519939414859,95.3731237949443
kodim10,0.2,DBRAMF W5×5,32.40576737793755,0.9764519939414859,95.3731237949443
kodim10,0.2,DBRAMF W7×7,32.40576737793755,0.9764519939414859,95.3731237949443
kodim10,0.3,DBRAMF W3×3,31.127792834829833,0.9607024049970303,106.87699399492455
kodim10,0.3,DBRAMF W5×5,31.127964607965737,0.9607032260289282,106.8812213015668
kodim10,0.3,DBRAMF W7×7,31.127964607965737,0.9607032260289282,106.8812213015668
kodim10,0.4,DBRAMF W3×3,30.004496870814073,0.9406544070982726,110.1146477217556
kodim10,0.4,DBRAMF W5×5,30.00462949529294,0.9406552092463975,110.11801044483106
kodim10,0.4,DBRAMF W7×7,30.00462949529294,0.9406552092463975,110.11801044483106
kodim10,0.5,DBRAMF W3×3,28.531635107939287,0.9125836259934162,98.06037315443429
kodim10,0.5,DBRAMF W5×5,28.531729587008677,0.9125844280023513,98.06250644278141
kodim10,0.5,DBRAMF W7×7,28.531729587008677,0.9125844280023513,98.06250644278141
kodim10,0.6,DBRAMF W3×3,27.197031773568774,0.8738706010890455,86.56866602857608
kodim10,0.6,DBRAMF W5×5,27.197101255842785,0.8738714026213984,86.57005104177367
kodim10,0.6,DBRAMF W7×7,27.197101255842785,0.8738714026213984,86.57005104177367
kodim10,0.7,DBRAMF W3×3,25.69239651742473,0.8176622955507814,71.30717638822006
kodim10,0.7,DBRAMF W5×5,25.692503611808753,0.8176656645629845,71.30893480160265
kodim10,0.7,DBRAMF W7×7,25.692503611808753,0.8176656645629845,71.30893480160265
kodim10,0.8,DBRAMF W3×3,23.735078869758834,0.7343148422138995,51.91953336206749
kodim10,0.8,DBRAMF W5×5,23.735364116125833,0.7343257987624056,51.92294356994587
kodim10,0.8,DBRAMF W7×7,23.735364116125833,0.7343257987624056,51.92294356994587
kodim10,0.9,DBRAMF W3×3,20.744874916415835,0.5977341558349926,29.30793625492836
kodim10,0.9,DBRAMF W5×5,20.744874916415835,0.5977341558349926,29.30793625492836
kodim10,0.9,DBRAMF W7×7,20.744874916415835,0.5977341558349926,29.30793625492836
kodim11,0.1,DBRAMF W3×3,33.464091314244975,0.9826743241691341,65.35411748156046
kodim11,0.1,DBRAMF W5×5,33.464091314244975,0.9826743241691341,65.35411748156046
kodim11,0.1,DBRAMF W7×7,33.464091314244975,0.9826743241691341,65.35411748156046
kodim11,0.2,DBRAMF W3×3,31.77205476212183,0.9628719441711304,88.54698008267971
kodim11,0.2,DBRAMF W5×5,31.77205476212183,0.9628719441711304,88.54698008267971
kodim11,0.2,DBRAMF W7×7,31.77205476212183,0.9628719441711304,88.54698008267971
kodim11,0.3,DBRAMF W3×3,30.257126463410643,0.9380527152569312,93.6286075936866
kodim11,0.3,DBRAMF W5×5,30.25713457299013,0.9380527208679319,93.6287824265192
kodim11,0.3,DBRAMF W7×7,30.25713457299013,0.9380527208679319,93.6287824265192
kodim11,0.4,DBRAMF W3×3,28.854249741441144,0.906114822412016,90.51826961936604
kodim11,0.4,DBRAMF W5×5,28.85426057014252,0.9061148332488264,90.51849531795854
kodim11,0.4,DBRAMF W7×7,28.85426057014252,0.9061148332488264,90.51849531795854
kodim11,0.5,DBRAMF W3×3,27.526295113594234,0.8667858729303028,83.46768832589542
kodim11,0.5,DBRAMF W5×5,27.526303089513917,0.8667858837671132,83.46784161639695
kodim11,0.5,DBRAMF W7×7,27.526303089513917,0.8667858837671132,83.46784161639695
kodim11,0.6,DBRAMF W3×3,26.161212552419514,0.8149938439577468,73.13058322668644
kodim11,0.6,DBRAMF W5×5,26.16121837710404,0.8149938104121585,73.13068130826011
kodim11,0.6,DBRAMF W7×7,26.16121837710404,0.8149938104121585,73.13068130826011
kodim11,0.7,DBRAMF W3×3,24.683705962520975,0.7454025143771404,60.72627114477152
kodim11,0.7,DBRAMF W5×5,24.683710507009234,0.745402459387444,60.72633468920549
kodim11,0.7,DBRAMF W7×7,24.683710507009234,0.745402459387444,60.72633468920549
kodim11,0.8,DBRAMF W3×3,22.875989974443574,0.6498202188007922,45.76142554852182
kodim11,0.8,DBRAMF W5×5,22.875989974443574,0.6498202188007922,45.76142554852182
kodim11,0.8,DBRAMF W7×7,22.876068955855764,0.6498217551969033,45.762257779883214
kodim11,0.9,DBRAMF W3×3,20.152342441921675,0.5070046662905194,27.477338150397948
kodim11,0.9,DBRAMF W5×5,20.152342441921675,0.5070046662905194,27.477338150397948
kodim11,0.9,DBRAMF W7×7,20.152755848197273,0.5070497717724323,27.479953851302874
kodim12,0.1,DBRAMF W3×3,34.65695696439002,0.9877552540989928,88.25156017200607
kodim12,0.1,DBRAMF W5×5,34.65695696439002,0.9877552540989928,88.25156017200607
kodim12,0.1,DBRAMF W7×7,34.65695696439002,0.9877552540989928,88.25156017200607
kodim12,0.2,DBRAMF W3×3,33.29825263999065,0.9732498976716769,128.7338556829868
kodim12,0.2,DBRAMF W5×5,33.29825263999065,0.9732498976716769,128.7338556829868
kodim12,0.2,DBRAMF W7×7,33.29825263999065,0.9732498976716769,128.7338556829868
kodim12,0.3,DBRAMF W3×3,32.03135518101452,0.9555290531695417,143.94966507063515
kodim12,0.3,DBRAMF W5×5,32.032692152219205,0.9555291775543187,143.9939866524106
kodim12,0.3,DBRAMF W7×7,32.032692152219205,0.9555291775543187,143.9939866524106
kodim12,0.4,DBRAMF W3×3,30.67738108197573,0.9333279411564448,140.55513428746883
kodim12,0.4,DBRAMF W5×5,30.679034100681438,0.9333282466914821,140.6086427934064
kodim12,0.4,DBRAMF W7×7,30.679034100681438,0.9333282466914821,140.6086427934064
kodim12,0.5,DBRAMF W3×3,29.348580963335138,0.9057286697179424,129.54090157100936
kodim12,0.5,DBRAMF W5×5,29.349798202643157,0.9057289754231109,129.57721434577303
kodim12,0.5,DBRAMF W7×7,29.349798202643157,0.9057289754231109,129.57721434577303
kodim12,0.6,DBRAMF W3×3,27.89144015301163,0.8689637835548935,111.0753059260526
kodim12,0.6,DBRAMF W5×5,27.892310404027114,0.8689642574872148,111.09756572609358
kodim12,0.6,DBRAMF W7×7,27.892310404027114,0.8689642574872148,111.09756572609358
kodim12,0.7,DBRAMF W3×3,26.271139733701723,0.8216962888695427,89.25349919641425
kodim12,0.7,DBRAMF W5×5,26.27179490721555,0.8216968811999525,89.26696493042918
kodim12,0.7,DBRAMF W7×7,26.27179490721555,0.8216968811999525,89.26696493042918
kodim12,0.8,DBRAMF W3×3,24.22825599898016,0.7588077997618692,63.6717376898587
kodim12,0.8,DBRAMF W5×5,24.22825599898016,0.7588077997618692,63.6717376898587
kodim12,0.8,DBRAMF W7×7,24.22857811285048,0.7587940012124442,63.67646036337218
kodim12,0.9,DBRAMF W3×3,20.40928486239928,0.6545560645114189,29.734450510146516
kodim12,0.9,DBRAMF W5×5,20.40928486239928,0.6545560645114189,29.734450510146516
kodim12,0.9,DBRAMF W7×7,20.403158148312603,0.6544740717238803,29.692532860839876
kodim13,0.1,DBRAMF W3×3,28.642823925338856,0.9668476272908041,21.763584405178023
kodim13,0.1,DBRAMF W5×5,28.642823925338856,0.9668476272908041,21.763584405178023
kodim13,0.1,DBRAMF W7×7,28.642823925338856,0.9668476272908041,21.763584405178023
kodim13,0.2,DBRAMF W3×3,26.681570916757366,0.9347497064962149,27.810125674030505
kodim13,0.2,DBRAMF W5×5,26.681570916757366,0.9347497064962149,27.810125674030505
kodim13,0.2,DBRAMF W7×7,26.681570916757366,0.9347497064962149,27.810125674030505
kodim13,0.3,DBRAMF W3×3,25.095066187851806,0.8953112257825762,29.021561634775374
kodim13,0.3,DBRAMF W5×5,25.09507057992526,0.8953112283066765,29.021590984652065
kodim13,0.3,DBRAMF W7×7,25.09507057992526,0.8953112283066765,29.021590984652065
kodim13,0.4,DBRAMF W3×3,23.716090005477536,0.8469385759770832,28.174065900059812
kodim13,0.4,DBRAMF W5×5,23.716095440745377,0.8469385793545475,28.174101160395022
kodim13,0.4,DBRAMF W7×7,23.716095440745377,0.8469385793545475,28.174101160395022
kodim13,0.5,DBRAMF W3×3,22.459098870453623,0.785712095848828,26.372552839591464
kodim13,0.5,DBRAMF W5×5,22.459102939772922,0.7857120992492063,26.372577550563634
kodim13,0.5,DBRAMF W7×7,22.459102939772922,0.7857120992492063,26.372577550563634
kodim13,0.6,DBRAMF W3×3,21.160826633020005,0.7059253144634036,23.43346738835577
kodim13,0.6,DBRAMF W5×5,21.160829650848058,0.7059252888493797,23.43348367182307
kodim13,0.6,DBRAMF W7×7,21.160829650848058,0.7059252888493797,23.43348367182307
kodim13,0.7,DBRAMF W3×3,19.950856009066914,0.6051626356566622,20.686785285778033
kodim13,0.7,DBRAMF W5×5,19.950858511397954,0.6051625719092849,20.686797205155806
kodim13,0.7,DBRAMF W7×7,19.950858511397954,0.6051625719092849,20.686797205155806
kodim13,0.8,DBRAMF W3×3,18.600745985821433,0.47040453624536105,17.32692856073902
kodim13,0.8,DBRAMF W5×5,18.600745985821433,0.47040453624536105,17.32692856073902
kodim13,0.8,DBRAMF W7×7,18.600788493934456,0.4704039943920522,17.32709815502881
kodim13,0.9,DBRAMF W3×3,16.843902542816572,0.30295829528415547,13.000209705711297
kodim13,0.9,DBRAMF W5×5,16.843902542816572,0.30295829528415547,13.000209705711297
kodim13,0.9,DBRAMF W7×7,16.84407663813924,0.3029649464663482,13.00073085464647
kodim14,0.1,DBRAMF W3×3,33.00634154067431,0.9825413452239372,60.266402408922794
kodim14,0.1,DBRAMF W5×5,33.00634154067431,0.9825413452239372,60.266402408922794
kodim14,0.1,DBRAMF W7×7,33.00634154067431,0.9825413452239372,60.266402408922794
kodim14,0.2,DBRAMF W3×3,31.521113163737393,0.9629143879079025,85.71526721939017
kodim14,0.2,DBRAMF W5×5,31.521113163737393,0.9629143879079025,85.71526721939017
kodim14,0.2,DBRAMF W7×7,31.521113163737393,0.9629143879079025,85.71526721939017
kodim14,0.3,DBRAMF W3×3,30.150816193171586,0.9384172749434297,93.86860753570551
kodim14,0.3,DBRAMF W5×5,30.150819710270326,0.938417278977171,93.86868355446884
kodim14,0.3,DBRAMF W7×7,30.150819710270326,0.938417278977171,93.86868355446884
kodim14,0.4,DBRAMF W3×3,28.772786811685936,0.9060652061813732,90.97480412067796
kodim14,0.4,DBRAMF W5×5,28.77279116510611,0.9060652087849034,90.9748953149626
kodim14,0.4,DBRAMF W7×7,28.77279116510611,0.9060652087849034,90.9748953149626
kodim14,0.5,DBRAMF W3×3,27.372972560391823,0.8626416038456874,82.42623102995475
kodim14,0.5,DBRAMF W5×5,27.372975714300402,0.862641605911863,82.42629088908312
kodim14,0.5,DBRAMF W7×7,27.372975714300402,0.862641605911863,82.42629088908312
kodim14,0.6,DBRAMF W3×3,25.827689610276373,0.8026725828867668,69.25223191558631
kodim14,0.6,DBRAMF W5×5,25.82769181991248,0.8026725584230066,69.25226715026633
kodim14,0.6,DBRAMF W7×7,25.82769181991248,0.8026725584230066,69.25226715026633
kodim14,0.7,DBRAMF W3×3,24.24991014865526,0.7195923030587509,56.2684959621014
kodim14,0.7,DBRAMF W5×5,24.24991209192164,0.7195922607975235,56.26852113964922
kodim14,0.7,DBRAMF W7×7,24.24991209192164,0.7195922607975235,56.26852113964922
kodim14,0.8,DBRAMF W3×3,22.225666634096314,0.596306454328477,40.283372740206275
kodim14,0.8,DBRAMF W5×5,22.225666634096314,0.596306454328477,40.283372740206275
kodim14,0.8,DBRAMF W7×7,22.225660452571493,0.5963055290628618,40.28331540296125
kodim14,0.9,DBRAMF W3×3,19.43627858893023,0.42199317949987697,23.836935845663632
kodim14,0.9,DBRAMF W5×5,19.43627858893023,0.42199317949987697,23.836935845663632
kodim14,0.9,DBRAMF W7×7,19.43678643059615,0.4220295108199302,23.839723377514357
kodim15,0.1,DBRAMF W3×3,28.70838450812782,0.9794093741430676,26.781864492862322
kodim15,0.1,DBRAMF W5×5,28.70838450812782,0.9794093741430676,26.781864492862322
kodim15,0.1,DBRAMF W7×7,28.70838450812782,0.9794093741430676,26.781864492862322
kodim15,0.2,DBRAMF W3×3,26.81077834374438,0.9650379585686741,34.44996444450349
kodim15,0.2,DBRAMF W5×5,26.81077834374438,0.9650379585686741,34.44996444450349
kodim15,0.2,DBRAMF W7×7,26.81077834374438,0.9650379585686741,34.44996444450349
kodim15,0.3,DBRAMF W3×3,25.30090611767388,0.9497328741092677,36.3693482091674
kodim15,0.3,DBRAMF W5×5,25.300910722927984,0.9497328770882018,36.36938677520633
kodim15,0.3,DBRAMF W7×7,25.300910722927984,0.9497328770882018,36.36938677520633
kodim15,0.4,DBRAMF W3×3,24.819533877908167,0.9313241253059305,43.47695673208788
kodim15,0.4,DBRAMF W5×5,24.819540885445434,0.9313241383485777,43.47702688417431
kodim15,0.4,DBRAMF W7×7,24.819540885445434,0.9313241383485777,43.47702688417431
kodim15,0.5,DBRAMF W3×3,23.659208266629307,0.9079977295016315,41.6798979165113
kodim15,0.5,DBRAMF W5×5,23.659213631172822,0.9079977425477729,41.67994940087816
kodim15,0.5,DBRAMF W7×7,23.659213631172822,0.9079977425477729,41.67994940087816
kodim15,0.6,DBRAMF W3×3,22.75727229807671,0.8771002533914181,40.742795724658684
kodim15,0.6,DBRAMF W5×5,22.757276656597533,0.8771002809314481,40.742836613599295
kodim15,0.6,DBRAMF W7×7,22.757276656597533,0.8771002809314481,40.742836613599295
kodim15,0.7,DBRAMF W3×3,21.418590137581614,0.834681073124094,34.84264221004742
kodim15,0.7,DBRAMF W5×5,21.41859357541489,0.8346811086810643,34.84266979115821
kodim15,0.7,DBRAMF W7×7,21.41859357541489,0.8346811086810643,34.84266979115821
kodim15,0.8,DBRAMF W3×3,20.005181154564454,0.7718599713469658,28.754545416670208
kodim15,0.8,DBRAMF W5×5,20.005181154564454,0.7718599713469658,28.754545416670208
kodim15,0.8,DBRAMF W7×7,20.004655697608207,0.7718552164136264,28.75106658777955
kodim15,0.9,DBRAMF W3×3,17.29650630194112,0.65152799823718,17.329828770903507
kodim15,0.9,DBRAMF W5×5,17.29650630194112,0.65152799823718,17.329828770903507
kodim15,0.9,DBRAMF W7×7,17.295643728066825,0.6515188149698043,17.32638714919499
kodim16,0.1,DBRAMF W3×3,33.705188289973776,0.9831181045091917,67.24666366321546
kodim16,0.1,DBRAMF W5×5,33.705188289973776,0.9831181045091917,67.24666366321546
kodim16,0.1,DBRAMF W7×7,33.705188289973776,0.9831181045091917,67.24666366321546
kodim16,0.2,DBRAMF W3×3,32.68118460161479,0.9644463073920785,106.56018958858058
kodim16,0.2,DBRAMF W5×5,32.68118460161479,0.9644463073920785,106.56018958858058
kodim16,0.2,DBRAMF W7×7,32.68118460161479,0.9644463073920785,106.56018958858058
kodim16,0.3,DBRAMF W3×3,31.649962070008698,0.9412057593595569,126.06209355166162
kodim16,0.3,DBRAMF W5×5,31.649969272244473,0.941205776053038,126.0623026101946
kodim16,0.3,DBRAMF W7×7,31.649969272244473,0.941205776053038,126.0623026101946
kodim16,0.4,DBRAMF W3×3,30.598957008772324,0.9110146195925396,131.56281117979228
kodim16,0.4,DBRAMF W5×5,30.598965392503512,0.9110146483140604,131.56306515223596
kodim16,0.4,DBRAMF W7×7,30.598965392503512,0.9110146483140604,131.56306515223596
kodim16,0.5,DBRAMF W3×3,29.545158767595648,0.8739165269634177,128.99381557727978
kodim16,0.5,DBRAMF W5×5,29.545165345043756,0.8739165555793955,128.99401094028954
kodim16,0.5,DBRAMF W7×7,29.545165345043756,0.8739165555793955,128.99401094028954
kodim16,0.6,DBRAMF W3×3,28.429128782968377,0.825704592473233,119.87981759902365
kodim16,0.6,DBRAMF W5×5,28.429133869881934,0.8257045926366778,119.87995801495154
kodim16,0.6,DBRAMF W7×7,28.429133869881934,0.8257045926366778,119.87995801495154
kodim16,0.7,DBRAMF W3×3,27.177687559693155,0.7628217066619363,104.85853559922592
kodim16,0.7,DBRAMF W5×5,27.177691373073923,0.7628217037959574,104.85862767170552
kodim16,0.7,DBRAMF W7×7,27.177691373073923,0.7628217037959574,104.85862767170552
kodim16,0.8,DBRAMF W3×3,25.593685640502777,0.678425057463846,83.26732177354292
kodim16,0.8,DBRAMF W5×5,25.593685640502777,0.678425057463846,83.26732177354292
kodim16,0.8,DBRAMF W7×7,25.59372148034673,0.6784253580473169,83.26800893404281
kodim16,0.9,DBRAMF W3×3,23.202063152960307,0.5658321802747586,54.02730456480404
kodim16,0.9,DBRAMF W5×5,23.202063152960307,0.5658321802747586,54.02730456480404
kodim16,0.9,DBRAMF W7×7,23.202168743577506,0.5658446813725189,54.02861815409043
kodim17,0.1,DBRAMF W3×3,40.537189941063446,0.9915198413355016,366.17252125235177
kodim17,0.1,DBRAMF W5×5,40.537189941063446,0.9915198413355016,366.17252125235177
kodim17,0.1,DBRAMF W7×7,40.537189941063446,0.9915198413355016,366.17252125235177
kodim17,0.2,DBRAMF W3×3,37.08391897544643,0.9808178518978606,331.1667179253829
kodim17,0.2,DBRAMF W5×5,37.08391897544643,0.9808178518978606,331.1667179253829
kodim17,0.2,DBRAMF W7×7,37.08391897544643,0.9808178518978606,331.1667179253829
kodim17,0.3,DBRAMF W3×3,34.65681402438052,0.9668032658839193,284.08076766381595
kodim17,0.3,DBRAMF W5×5,34.65721804057854,0.9668033512819123,284.1071964063399
kodim17,0.3,DBRAMF W7×7,34.65721804057854,0.9668033512819123,284.1071964063399
kodim17,0.4,DBRAMF W3×3,32.54847680041902,0.9473633328850353,233.12745781474283
kodim17,0.4,DBRAMF W5×5,32.548741010733124,0.9473634640159276,233.14164094510005
kodim17,0.4,DBRAMF W7×7,32.548741010733124,0.9473634640159276,233.14164094510005
kodim17,0.5,DBRAMF W3×3,30.698917162871616,0.9214340670512882,190.4961031676449
kodim17,0.5,DBRAMF W5×5,30.699089742377865,0.9214341989009421,190.5036732331214
kodim17,0.5,DBRAMF W7×7,30.699089742377865,0.9214341989009421,190.5036732331214
kodim17,0.6,DBRAMF W3×3,28.79984444662233,0.8828176379856625,147.64962290487918
kodim17,0.6,DBRAMF W5×5,28.799955252093703,0.8828177760733911,147.6533900710432
kodim17,0.6,DBRAMF W7×7,28.799955252093703,0.8828177760733911,147.6533900710432
kodim17,0.7,DBRAMF W3×3,26.80802342116388,0.824569496694604,108.74744851782575
kodim17,0.7,DBRAMF W5×5,26.808223459611643,0.8245700443974794,108.75245760099553
kodim17,0.7,DBRAMF W7×7,26.808223459611643,0.8245700443974794,108.75245760099553
kodim17,0.8,DBRAMF W3×3,24.421422812242675,0.7310442095234247,71.79437668972587
kodim17,0.8,DBRAMF W5×5,24.42085319690146,0.7310406660741201,71.78496084441448
kodim17,0.8,DBRAMF W7×7,24.42085319690146,0.7310406660741201,71.78496084441448
kodim17,0.9,DBRAMF W3×3,21.048386592639933,0.5721900667374817,37.15998929830808
kodim17,0.9,DBRAMF W5×5,21.048386592639933,0.5721900667374817,37.15998929830808
kodim17,0.9,DBRAMF W7×7,21.048386592639933,0.5721900667374817,37.15998929830808
kodim18,0.1,DBRAMF W3×3,33.23395203517717,0.9824540628351164,67.40447757629462
kodim18,0.1,DBRAMF W5×5,33.23395203517717,0.9824540628351164,67.40447757629462
kodim18,0.1,DBRAMF W7×7,33.23395203517717,0.9824540628351164,67.40447757629462
kodim18,0.2,DBRAMF W3×3,30.97765306076502,0.962530083716164,80.32238729920745
kodim18,0.2,DBRAMF W5×5,30.97765306076502,0.962530083716164,80.32238729920745
kodim18,0.2,DBRAMF W7×7,30.97765306076502,0.962530083716164,80.32238729920745
kodim18,0.3,DBRAMF W3×3,29.35199536064543,0.9385603257467137,82.84776838064569
kodim18,0.3,DBRAMF W5×5,29.3531181379913,0.9385626921919047,82.8691897033979
kodim18,0.3,DBRAMF W7×7,29.3531181379913,0.9385626921919047,82.8691897033979
kodim18,0.4,DBRAMF W3×3,27.82730207133568,0.9076412590189284,77.79332269773944
kodim18,0.4,DBRAMF W5×5,27.828096314327144,0.9076436953912721,77.80755093550833
kodim18,0.4,DBRAMF W7×7,27.828096314327144,0.9076436953912721,77.80755093550833
kodim18,0.5,DBRAMF W3×3,26.548407352043363,0.8680614004310034,72.4188450643998
kodim18,0.5,DBRAMF W5×5,26.548998986949425,0.8680638643553267,72.42871128119857
kodim18,0.5,DBRAMF W7×7,26.548998986949425,0.8680638643553267,72.42871128119857
kodim18,0.6,DBRAMF W3×3,25.168523526949322,0.8132217261521548,63.171063706053324
kodim18,0.6,DBRAMF W5×5,25.168954110420213,0.8132242797760801,63.17732714375469
kodim18,0.6,DBRAMF W7×7,25.168954110420213,0.8132242797760801,63.17732714375469
kodim18,0.7,DBRAMF W3×3,23.675542651510607,0.7363664144857844,52.23629229155346
kodim18,0.7,DBRAMF W5×5,23.676153072216692,0.7363741588977215,52.243634856731454
kodim18,0.7,DBRAMF W7×7,23.676153072216692,0.7363741588977215,52.243634856731454
kodim18,0.8,DBRAMF W3×3,21.972975814064167,0.6262359867483794,40.33007503939167
kodim18,0.8,DBRAMF W5×5,21.97369167280232,0.6262511360733821,40.336723297053645
kodim18,0.8,DBRAMF W7×7,21.97369167280232,0.6262511360733821,40.336723297053645
kodim18,0.9,DBRAMF W3×3,19.566532932580966,0.470517636572794,26.066694606761136
kodim18,0.9,DBRAMF W5×5,19.566532932580966,0.470517636572794,26.066694606761136
kodim18,0.9,DBRAMF W7×7,19.566532932580966,0.470517636572794,26.066694606761136
kodim19,0.1,DBRAMF W3×3,37.04620243296251,0.9848819508620432,145.20013336835936
kodim19,0.1,DBRAMF W5×5,37.04620243296251,0.9848819508620432,145.20013336835936
kodim19,0.1,DBRAMF W7×7,37.04620243296251,0.9848819508620432,145.20013336835936
kodim19,0.2,DBRAMF W3×3,33.316135951255596,0.9665166023861391,122.40802352845006
kodim19,0.2,DBRAMF W5×5,33.316135951255596,0.9665166023861391,122.40802352845006
kodim19,0.2,DBRAMF W7×7,33.316135951255596,0.9665166023861391,122.40802352845006
kodim19,0.3,DBRAMF W3×3,30.767762789564124,0.9435396660982461,102.23574133732406
kodim19,0.3,DBRAMF W5×5,30.76798839808233,0.9435404766779893,102.24105244630249
kodim19,0.3,DBRAMF W7×7,30.76798839808233,0.9435404766779893,102.24105244630249
kodim19,0.4,DBRAMF W3×3,28.79367729915011,0.914727868571407,86.56987884887187
kodim19,0.4,DBRAMF W5×5,28.793815867208288,0.9147284834355276,86.57264103257042
kodim19,0.4,DBRAMF W7×7,28.793815867208288,0.9147284834355276,86.57264103257042
kodim19,0.5,DBRAMF W3×3,27.03166476972929,0.8782598315735205,72.09312056097629
kodim19,0.5,DBRAMF W5×5,27.031757124549554,0.8782604599122633,72.0946536723244
kodim19,0.5,DBRAMF W7×7,27.031757124549554,0.8782604599122633,72.0946536723244
kodim19,0.6,DBRAMF W3×3,25.395326709724433,0.8300401464870713,59.42303001479759
kodim19,0.6,DBRAMF W5×5,25.39539001222661,0.8300408208300685,59.423896167617485
kodim19,0.6,DBRAMF W7×7,25.39539001222661,0.8300408208300685,59.423896167617485
kodim19,0.7,DBRAMF W3×3,23.795001137366732,0.76704055477068,47.95298860338923
kodim19,0.7,DBRAMF W5×5,23.7950300330306,0.7670390028676193,47.95330765834099
kodim19,0.7,DBRAMF W7×7,23.7950300330306,0.7670390028676193,47.95330765834099
kodim19,0.8,DBRAMF W3×3,21.851891266842106,0.6756791088207373,35.047523853111
kodim19,0.8,DBRAMF W5×5,21.851947516566412,0.6756617046586718,35.047977790796935
kodim19,0.8,DBRAMF W7×7,21.851947516566412,0.6756617046586718,35.047977790796935
kodim19,0.9,DBRAMF W3×3,19.407554708201175,0.5380188669180225,22.45174195576819
kodim19,0.9,DBRAMF W5×5,19.407554708201175,0.5380188669180225,22.45174195576819
kodim19,0.9,DBRAMF W7×7,19.407554708201175,0.5380188669180225,22.45174195576819
kodim20,0.1,DBRAMF W3×3,26.997854753182096,0.9619697100308846,20.257600504370828
kodim20,0.1,DBRAMF W5×5,26.997854753182096,0.9619697100308846,20.257600504370828
kodim20,0.1,DBRAMF W7×7,26.997854753182096,0.9619697100308846,20.257600504370828
kodim20,0.2,DBRAMF W3×3,24.136185685289583,0.9365689098878969,20.832521798356627
kodim20,0.2,DBRAMF W5×5,24.136185685289583,0.9365689098878969,20.832521798356627
kodim20,0.2,DBRAMF W7×7,24.136185685289583,0.9365689098878969,20.832521798356627
kodim20,0.3,DBRAMF W3×3,22.656504207171967,0.9106857058455377,22.23877340844216
kodim20,0.3,DBRAMF W5×5,22.65673016688401,0.9106874903564385,22.239930502941913
kodim20,0.3,DBRAMF W7×7,22.65673016688401,0.9106874903564385,22.239930502941913
kodim20,0.4,DBRAMF W3×3,21.10354865110782,0.8862579131282682,20.732805762220067
kodim20,0.4,DBRAMF W5×5,21.10389359861699,0.8862612753734647,20.734452574240926
kodim20,0.4,DBRAMF W7×7,21.10389359861699,0.8862612753734647,20.734452574240926
kodim20,0.5,DBRAMF W3×3,18.77149877510863,0.849951631615222,15.136298960872331
kodim20,0.5,DBRAMF W5×5,18.771700398474064,0.849954993860418,15.137001687364682
kodim20,0.5,DBRAMF W7×7,18.771700398474064,0.849954993860418,15.137001687364682
kodim20,0.6,DBRAMF W3×3,17.864347606092934,0.8158961296027747,14.725648348752971
kodim20,0.6,DBRAMF W5×5,17.86451122136629,0.8158994345037001,14.726203130465711
kodim20,0.6,DBRAMF W7×7,17.86451122136629,0.8158994345037001,14.726203130465711
kodim20,0.7,DBRAMF W3×3,16.79608602845217,0.7677124777873436,13.446030176901399
kodim20,0.7,DBRAMF W5×5,16.796196363772932,0.7677143574585026,13.446371786330053
kodim20,0.7,DBRAMF W7×7,16.796196363772932,0.7677143574585026,13.446371786330053
kodim20,0.8,DBRAMF W3×3,16.216462136765966,0.6994376161560528,13.45071279773052
kodim20,0.8,DBRAMF W5×5,16.216462136765966,0.6994376161560528,13.45071279773052
kodim20,0.8,DBRAMF W7×7,16.217366614970732,0.6995363981351919,13.453514386057083
kodim20,0.9,DBRAMF W3×3,14.050512637922186,0.5909276564419824,9.19647798517206
kodim20,0.9,DBRAMF W5×5,14.050512637922186,0.5909276564419824,9.19647798517206
kodim20,0.9,DBRAMF W7×7,14.0524249884057,0.5913749049197565,9.200528407750319
kodim21,0.1,DBRAMF W3×3,33.43351691825343,0.9854378726670553,61.93835977939498
kodim21,0.1,DBRAMF W5×5,33.43351691825343,0.9854378726670553,61.93835977939498
kodim21,0.1,DBRAMF W7×7,33.43351691825343,0.9854378726670553,61.93835977939498
kodim21,0.2,DBRAMF W3×3,31.52055121297924,0.9695894664960594,79.59788706865301
kodim21,0.2,DBRAMF W5×5,31.52055121297924,0.9695894664960594,79.59788706865301
kodim21,0.2,DBRAMF W7×7,31.52055121297924,0.9695894664960594,79.59788706865301
kodim21,0.3,DBRAMF W3×3,29.79060762616004,0.9493774053373658,80.17370048144258
kodim21,0.3,DBRAMF W5×5,29.79061037774287,0.9493774580586991,80.1737512775399
kodim21,0.3,DBRAMF W7×7,29.79061037774287,0.9493774580586991,80.1737512775399
kodim21,0.4,DBRAMF W3×3,28.20694554552191,0.9232465365133163,74.20247876913756
kodim21,0.4,DBRAMF W5×5,28.206948917531083,0.9232465896661647,74.20253638247289
kodim21,0.4,DBRAMF W7×7,28.206948917531083,0.9232465896661647,74.20253638247289
kodim21,0.5,DBRAMF W3×3,26.721594990119655,0.8886018589041772,65.77411267035409
kodim21,0.5,DBRAMF W5×5,26.721597385385067,0.8886019124307318,65.77414894677642
kodim21,0.5,DBRAMF W7×7,26.721597385385067,0.8886019124307318,65.77414894677642
kodim21,0.6,DBRAMF W3×3,25.11833435611301,0.841633591479682,54.50748338016544
kodim21,0.6,DBRAMF W5×5,25.118336011987985,0.8416336320925702,54.50750416274468
kodim21,0.6,DBRAMF W7×7,25.118336011987985,0.8416336320925702,54.50750416274468
kodim21,0.7,DBRAMF W3×3,23.48699854106004,0.7779748022999524,43.68045289094453
kodim21,0.7,DBRAMF W5×5,23.48699835150182,0.7779748011703157,43.68045098440669
kodim21,0.7,DBRAMF W7×7,23.48699835150182,0.7779748011703157,43.68045098440669
kodim21,0.8,DBRAMF W3×3,21.579938782551316,0.689842688717089,32.19881934837941
kodim21,0.8,DBRAMF W5×5,21.579938782551316,0.689842688717089,32.19881934837941
kodim21,0.8,DBRAMF W7×7,21.579951099348776,0.6898458579770674,32.198910665887546
kodim21,0.9,DBRAMF W3×3,18.893859463390772,0.5674071513661395,19.506034730203943
kodim21,0.9,DBRAMF W5×5,18.893859463390772,0.5674071513661395,19.506034730203943
kodim21,0.9,DBRAMF W7×7,18.893911838641294,0.5674311105878959,19.50626997141899
kodim22,0.1,DBRAMF W3×3,34.14856684943365,0.9830361209272146,72.85510179455298
kodim22,0.1,DBRAMF W5×5,34.14856684943365,0.9830361209272146,72.85510179455298
kodim22,0.1,DBRAMF W7×7,34.14856684943365,0.9830361209272146,72.85510179455298
kodim22,0.2,DBRAMF W3×3,32.75846868392951,0.9654156583498734,105.54440039587612
kodim22,0.2,DBRAMF W5×5,32.75846868392951,0.9654156583498734,105.54440039587612
kodim22,0.2,DBRAMF W7×7,32.75846868392951,0.9654156583498734,105.54440039587612
kodim22,0.3,DBRAMF W3×3,31.459226506584812,0.943908253088878,117.54179761755042
kodim22,0.3,DBRAMF W5×5,31.460212759197272,0.9439089714798703,117.56849357473729
kodim22,0.3,DBRAMF W7×7,31.460212759197272,0.9439089714798703,117.56849357473729
kodim22,0.4,DBRAMF W3×3,30.09181380720523,0.9162007445767256,114.08871991865462
kodim22,0.4,DBRAMF W5×5,30.0931326432943,0.9162023713289337,114.12337086997033
kodim22,0.4,DBRAMF W7×7,30.0931326432943,0.9162023713289337,114.12337086997033
kodim22,0.5,DBRAMF W3×3,28.823204226316715,0.8806463607415165,106.4177452589761
kodim22,0.5,DBRAMF W5×5,28.824188947226,0.8806479876766582,106.44187719350533
kodim22,0.5,DBRAMF W7×7,28.824188947226,0.8806479876766582,106.44187719350533
kodim22,0.6,DBRAMF W3×3,27.64958969223408,0.8342105225226879,97.42920008403534
kodim22,0.6,DBRAMF W5×5,27.650341211375363,0.834212027745864,97.44606104988246
kodim22,0.6,DBRAMF W7×7,27.650341211375363,0.834212027745864,97.44606104988246
kodim22,0.7,DBRAMF W3×3,26.26096046926953,0.7689672891319528,82.59193607753056
kodim22,0.7,DBRAMF W5×5,26.26153374506959,0.7689684576256124,82.60283906740207
kodim22,0.7,DBRAMF W7×7,26.26153374506959,0.7689684576256124,82.60283906740207
kodim22,0.8,DBRAMF W3×3,24.685496759240664,0.6780521846195079,65.6820637380385
kodim22,0.8,DBRAMF W5×5,24.685496759240664,0.6780521846195079,65.6820637380385
kodim22,0.8,DBRAMF W7×7,24.688286672271047,0.6780587298767752,65.72427153133455
kodim22,0.9,DBRAMF W3×3,22.213423213771932,0.542018909931384,41.82878832125228
kodim22,0.9,DBRAMF W5×5,22.213423213771932,0.542018909931384,41.82878832125228
kodim22,0.9,DBRAMF W7×7,22.216742903273357,0.5420902568378542,41.860773916187
kodim23,0.1,DBRAMF W3×3,34.46579029115551,0.9922043738957637,80.35717255680878
kodim23,0.1,DBRAMF W5×5,34.46579029115551,0.9922043738957637,80.35717255680878
kodim23,0.1,DBRAMF W7×7,34.46579029115551,0.9922043738957637,80.35717255680878
kodim23,0.2,DBRAMF W3×3,33.81994275080146,0.9855594814216376,139.0424659798836
kodim23,0.2,DBRAMF W5×5,33.81994275080146,0.9855594814216376,139.0424659798836
kodim23,0.2,DBRAMF W7×7,33.81994275080146,0.9855594814216376,139.0424659798836
kodim23,0.3,DBRAMF W3×3,33.07191742296651,0.9774379453881963,176.05868673236208
kodim23,0.3,DBRAMF W5×5,33.07191880120562,0.9774379467722196,176.05874260482136
kodim23,0.3,DBRAMF W7×7,33.07191880120562,0.9774379467722196,176.05874260482136
kodim23,0.4,DBRAMF W3×3,31.90364356151184,0.9660049038490371,179.34191747037931
kodim23,0.4,DBRAMF W5×5,31.903655672945725,0.9660049084989606,179.34241761277022
kodim23,0.4,DBRAMF W7×7,31.903655672945725,0.9660049084989606,179.34241761277022
kodim23,0.5,DBRAMF W3×3,30.816879935885662,0.9518528903892051,174.52546703384886
kodim23,0.5,DBRAMF W5×5,30.816889366045768,0.9518528950391287,174.52584599442787
kodim23,0.5,DBRAMF W7×7,30.816889366045768,0.9518528950391287,174.52584599442787
kodim23,0.6,DBRAMF W3×3,29.42031850479438,0.9317786886205891,151.4073217062375
kodim23,0.6,DBRAMF W5×5,29.420325341750516,0.9317786416478311,151.4075600620248
kodim23,0.6,DBRAMF W7×7,29.420325341750516,0.9317786416478311,151.4075600620248
kodim23,0.7,DBRAMF W3×3,28.01839879527485,0.9017784268490917,127.94069494334852
kodim23,0.7,DBRAMF W5×5,28.018406544272565,0.9017783629500186,127.94092322463658
kodim23,0.7,DBRAMF W7×7,28.018406544272565,0.9017783629500186,127.94092322463658
kodim23,0.8,DBRAMF W3×3,26.050225977730683,0.8483563714867821,92.98237747352417
kodim23,0.8,DBRAMF W5×5,26.050225977730683,0.8483563714867821,92.98237747352417
kodim23,0.8,DBRAMF W7×7,26.050440025956632,0.8483571859006085,92.98696035547336
kodim23,0.9,DBRAMF W3×3,22.649278884043085,0.7421302069817549,47.797033938324546
kodim23,0.9,DBRAMF W5×5,22.649278884043085,0.7421302069817549,47.797033938324546
kodim23,0.9,DBRAMF W7×7,22.650030115761353,0.7421535097891192,47.80530246466555
kodim24,0.1,DBRAMF W3×3,28.450373201763934,0.9750360470925404,20.990224094914975
kodim24,0.1,DBRAMF W5×5,28.450373201763934,0.9750360470925404,20.990224094914975
kodim24,0.1,DBRAMF W7×7,28.450373201763934,0.9750360470925404,20.990224094914975
kodim24,0.2,DBRAMF W3×3,27.276370734560558,0.9566919216684553,31.942778308727767
kodim24,0.2,DBRAMF W5×5,27.276370734560558,0.9566919216684553,31.942778308727767
kodim24,0.2,DBRAMF W7×7,27.276370734560558,0.9566919216684553,31.942778308727767
kodim24,0.3,DBRAMF W3×3,26.3916128501522,0.9339859583855362,39.0846550259705
kodim24,0.3,DBRAMF W5×5,26.39461119704884,0.9339871955125184,39.11164818885075
kodim24,0.3,DBRAMF W7×7,26.39461119704884,0.9339871955125184,39.11164818885075
kodim24,0.4,DBRAMF W3×3,24.69843266445041,0.9027384177722511,35.33884119348661
kodim24,0.4,DBRAMF W5×5,24.701405548360235,0.9027410476246631,35.363040036167405
kodim24,0.4,DBRAMF W7×7,24.701405548360235,0.9027410476246631,35.363040036167405
kodim24,0.5,DBRAMF W3×3,23.308808075219602,0.8604884066142336,32.08872107550116
kodim24,0.5,DBRAMF W5×5,23.310966688188742,0.860491084212831,32.104674385858225
kodim24,0.5,DBRAMF W7×7,23.310966688188742,0.860491084212831,32.104674385858225
kodim24,0.6,DBRAMF W3×3,21.971597698215888,0.8051161842675962,28.28940167276247
kodim24,0.6,DBRAMF W5×5,21.97318414364592,0.8051188429723881,28.299737468394525
kodim24,0.6,DBRAMF W7×7,21.97318414364592,0.8051188429723881,28.299737468394525
kodim24,0.7,DBRAMF W3×3,20.78124867840274,0.7292674897425379,25.09060356950555
kodim24,0.7,DBRAMF W5×5,20.782283884689875,0.7292689241506313,25.09658500549716
kodim24,0.7,DBRAMF W7×7,20.782283884689875,0.7292689241506313,25.09658500549716
kodim24,0.8,DBRAMF W3×3,19.460569642378523,0.6207986778225061,21.144156043215514
kodim24,0.8,DBRAMF W5×5,19.460569642378523,0.6207986778225061,21.144156043215514
kodim24,0.8,DBRAMF W7×7,19.511018543857762,0.6214337195111046,21.39120478405928
kodim24,0.9,DBRAMF W3×3,17.636392742241988,0.4566087065637028,15.639936709540315
kodim24,0.9,DBRAMF W5×5,17.636392742241988,0.4566087065637028,15.639936709540315
kodim24,0.9,DBRAMF W7×7,17.774807052808256,0.45740804236202987,16.146426586963692
