image,noise_ratio,method,PSNR,SSIM,IEF,time_s
kodim01,0.1,Mean Filter,21.901560897239854,0.5004156334391299,4.359348045536986,0.00690510000094946
kodim01,0.1,SMF (3x3),25.5437458339398,0.7735993227078418,10.08416719543265,0.05143309999948542
kodim01,0.1,DBRAMF,31.25066434879834,0.9754107250934704,37.52596672633139,1.1351725999993505
kodim01,0.2,Mean Filter,19.79455206154001,0.3816030797105835,5.3476631893327555,0.01224499999989348
kodim01,0.2,SMF (3x3),23.88932232567644,0.7238225776752343,13.729068528147483,0.048789799999212846
kodim01,0.2,DBRAMF,29.248430869717495,0.9485114927351793,47.157625282482776,1.9450738999985333
kodim01,0.3,Mean Filter,18.269417316553426,0.30180319106222964,5.646837300673548,0.00853580000148213
kodim01,0.3,SMF (3x3),21.0725541105233,0.6097390875105346,10.767601002123303,0.0490669999999227
kodim01,0.3,DBRAMF,27.563639881632504,0.9140177459935632,47.9984851756105,2.713089700000637
kodim01,0.4,Mean Filter,17.065944537859,0.24004399800687715,5.69464835241497,0.01021529999889026
kodim01,0.4,SMF (3x3),17.844599331782344,0.4340364866640989,6.8129059034880095,0.054463399999804096
kodim01,0.4,DBRAMF,26.05941744905806,0.8706193113818562,45.166267511437155,2.4186530000006314
kodim01,0.5,Mean Filter,16.048048525495552,0.19090865450943442,5.62478534250147,0.007531400000516442
kodim01,0.5,SMF (3x3),14.802292505213131,0.2611081542351402,4.22211784789094,0.03883500000119966
kodim01,0.5,DBRAMF,24.602477684380155,0.8141964056127424,40.32263170366845,3.275056600001335
kodim01,0.6,Mean Filter,15.17840053578313,0.14793063492126685,5.525038384059434,0.009132000001045526
kodim01,0.6,SMF (3x3),12.171504351501156,0.14222733897806292,2.7646851583503675,0.049087400000644266
kodim01,0.6,DBRAMF,23.276571853796778,0.7424559151901233,35.657626478886336,4.159846900000048
kodim01,0.7,Mean Filter,14.40902748625746,0.11239399950548826,5.393251482414829,0.007190899999841349
kodim01,0.7,SMF (3x3),9.98722636539114,0.07687558436436653,1.948366076847135,0.036058599998796126
kodim01,0.7,DBRAMF,21.91891948610364,0.6497265385979578,30.3976402917489,4.916344400000526
kodim01,0.8,Mean Filter,13.697585345251719,0.0809834051174803,5.235621100379587,0.009301699999923585
kodim01,0.8,SMF (3x3),8.163159117154704,0.039959277882425114,1.463947783642638,0.041930599998522666
kodim01,0.8,DBRAMF,20.5507864307257,0.5306120514933786,25.368122013667996,5.747953400001279
kodim01,0.9,Mean Filter,13.050242891039215,0.05198188083125613,5.077341683599617,0.0057654000011098105
kodim01,0.9,SMF (3x3),6.705375362124687,0.016998538881238315,1.178011791670112,0.03345900000022084
kodim01,0.9,DBRAMF,18.7622475906476,0.3664527131229131,18.91632907425165,6.056979599999977
kodim02,0.1,Mean Filter,23.76711005003559,0.3582282694340527,6.960600479665215,0.005785800000012387
kodim02,0.1,SMF (3x3),32.127072925372474,0.8577232751673979,47.71368890729339,0.04167270000107237
kodim02,0.1,DBRAMF,34.417832997328276,0.9835968943675631,80.85725655008396,0.9163676999996824
kodim02,0.2,Mean Filter,20.653361010433677,0.2256278611788323,6.7984082823263075,0.0074124999991909135
kodim02,0.2,SMF (3x3),28.831738070324462,0.8072489152700514,44.69355996873844,0.04654409999966447
kodim02,0.2,DBRAMF,33.644861766257605,0.9666373487984518,135.3808755284584,1.490595299999768
kodim02,0.3,Mean Filter,18.669082025326656,0.1630728603987912,6.449325801302517,0.006168500000057975
kodim02,0.3,SMF (3x3),23.629962216786193,0.6501651105759199,20.21167638185712,0.04613920000156213
kodim02,0.3,DBRAMF,32.850900090168906,0.9467150135608752,168.92585404341392,2.1947689000007813
kodim02,0.4,Mean Filter,17.132316299647947,0.12411842852607988,6.030112277577536,0.006613800000195624
kodim02,0.4,SMF (3x3),18.940568126748992,0.3943599734742067,9.144302434113488,0.04459159999896656
kodim02,0.4,DBRAMF,32.067224636021365,0.9228248994353437,187.85217689971486,2.7934893000001466
kodim02,0.5,Mean Filter,15.880911042025566,0.09688823070582787,5.648397424519778,0.007851700000173878
kodim02,0.5,SMF (3x3),15.243224072829229,0.17454184393916575,4.877042603667321,0.041819400001259055
kodim02,0.5,DBRAMF,31.139072923510707,0.8934589675925536,189.5577017177686,3.4691550000006828
kodim02,0.6,Mean Filter,14.82780830338044,0.07776669511819921,5.319064459709344,0.006727899999532383
kodim02,0.6,SMF (3x3),12.321848850555417,0.06558003205231323,2.9870280995736325,0.035666499999933876
kodim02,0.6,DBRAMF,30.15007537981029,0.8570492725599385,181.1598535991379,3.227471299998797
kodim02,0.7,Mean Filter,13.886567402429062,0.06256380247530682,4.999187469656469,0.0065586000000621425
kodim02,0.7,SMF (3x3),9.96358782132571,0.02737813378065221,2.025822848179848,0.03450490000068385
kodim02,0.7,DBRAMF,29.083269902396932,0.812071713005443,165.41301327079188,4.082063500000004
kodim02,0.8,Mean Filter,13.05256507918739,0.05131688101159783,4.718037317559069,0.006863499998871703
kodim02,0.8,SMF (3x3),8.057039411305219,0.013470655910973822,1.493512304161958,0.04285930000150984
kodim02,0.8,DBRAMF,27.592602410542106,0.7561477822505419,134.2038901260196,4.762290500000745
kodim02,0.9,Mean Filter,12.294034004908415,0.04125699137180917,4.460018709346184,0.00599540000075649
kodim02,0.9,SMF (3x3),6.545979447876338,0.007024468199562905,1.1872200565350872,0.026513300001170137
kodim02,0.9,DBRAMF,25.32101167973024,0.677762969357022,89.54357882523243,5.015798700000232
kodim03,0.1,Mean Filter,24.038554778646176,0.38301726402927705,7.174867939029165,0.005799299999125651
kodim03,0.1,SMF (3x3),33.169064320791875,0.9210228274770599,58.73065792945302,0.039395499999955064
kodim03,0.1,DBRAMF,34.563929692250255,0.9902050432676648,80.97508325307257,0.6416425000006711
kodim03,0.2,Mean Filter,20.923096674501146,0.24655885435618896,7.03047669738266,0.005665299999236595
kodim03,0.2,SMF (3x3),29.511039806333066,0.8722698886949298,50.7901021494686,0.03569989999959944
kodim03,0.2,DBRAMF,33.918293544700056,0.9802981605789952,140.12139750705475,1.1539603999990504
kodim03,0.3,Mean Filter,18.931550436480904,0.18041464072368152,6.676373425324141,0.007825299999240087
kodim03,0.3,SMF (3x3),23.743431946391112,0.7039232631876203,20.21756140334273,0.0364568999993935
kodim03,0.3,DBRAMF,33.17082891569171,0.9677954870258761,177.20193816667802,2.0019229000008636
kodim03,0.4,Mean Filter,17.441526492936944,0.13755643503410162,6.307761923314195,0.006591299999854527
kodim03,0.4,SMF (3x3),19.031878549855858,0.42795265578093683,9.097257734508313,0.04592219999904046
kodim03,0.4,DBRAMF,32.31940244063873,0.9524473768548233,193.93798899763044,2.4607714000012493
kodim03,0.5,Mean Filter,16.241203447973383,0.10791457067967493,5.970638608733456,0.007520900000599795
kodim03,0.5,SMF (3x3),15.35530006747672,0.19291013094170362,4.868895426414638,0.04951649999929941
kodim03,0.5,DBRAMF,31.40241191984632,0.9329268667000217,195.9483596283097,2.9538727999988623
kodim03,0.6,Mean Filter,15.208124667934184,0.0871882702484709,5.6553404805467276,0.006645500001468463
kodim03,0.6,SMF (3x3),12.420142611472526,0.07502139638315743,2.9761893012618543,0.03838499999983469
kodim03,0.6,DBRAMF,30.3097693534249,0.907387669040462,183.07254769392338,2.9293936000012764
kodim03,0.7,Mean Filter,14.30452253960282,0.06875723663981341,5.35913759126543,0.008220399999117944
kodim03,0.7,SMF (3x3),10.071327163893669,0.032749136999120264,2.0219730825128415,0.030953000001318287
kodim03,0.7,DBRAMF,28.908676706920488,0.871449113201555,154.70712805205116,2.806234500001665
kodim03,0.8,Mean Filter,13.4952183106438,0.054518305504806436,5.087293564122586,0.006130399999165093
kodim03,0.8,SMF (3x3),8.166221878952475,0.015881352677625086,1.4913760219380483,0.03690759999881266
kodim03,0.8,DBRAMF,26.912422498618767,0.8150451133283242,111.73962725013266,3.189447000000655
kodim03,0.9,Mean Filter,12.767492365126225,0.0433065565951691,4.841034537523493,0.006529000000227825
kodim03,0.9,SMF (3x3),6.651771180017027,0.008028204864793933,1.1840391501686833,0.025030300001162686
kodim03,0.9,DBRAMF,23.845488855117488,0.7195136580323739,62.04943481821507,3.629816900000151
kodim04,0.1,Mean Filter,23.908856068287598,0.41820384878606776,7.046735640944722,0.0073301000011269934
kodim04,0.1,SMF (3x3),32.68565268708055,0.893333663828643,53.17012007345137,0.03431089999867254
kodim04,0.1,DBRAMF,34.564031713381404,0.9871821266076065,81.94180828690963,0.4573134000002028
kodim04,0.2,Mean Filter,20.859542450219564,0.27514082204169543,6.96131090292606,0.006127000000560656
kodim04,0.2,SMF (3x3),29.086229471732807,0.8438071355463107,46.27641771739899,0.035390700000789366
kodim04,0.2,DBRAMF,33.63115499310795,0.9732775052773771,131.78084401696677,0.8454631000004156
kodim04,0.3,Mean Filter,18.91391423816537,0.20230618272840162,6.662864162452054,0.008975800001280732
kodim04,0.3,SMF (3x3),23.86839327324669,0.6912445778936608,20.85013459251774,0.03778000000056636
kodim04,0.3,DBRAMF,32.68258052240497,0.9566199283175332,158.68197153690323,1.260437399998409
kodim04,0.4,Mean Filter,17.37855983991429,0.1532654266018273,6.2462027519194425,0.007282299999133102
kodim04,0.4,SMF (3x3),19.053989773874914,0.4322548303561133,9.1866901934586,0.0372960000004241
kodim04,0.4,DBRAMF,31.667786865112358,0.9358118269883235,167.70220769278828,1.6239478999996209
kodim04,0.5,Mean Filter,16.138771769708868,0.119606867658503,5.875949212551774,0.007331199998589
kodim04,0.5,SMF (3x3),15.288357637369334,0.20233751699050528,4.830995357901604,0.03525009999975737
kodim04,0.5,DBRAMF,30.514707525413147,0.9088736748519711,160.94282085999984,2.0680670000001555
kodim04,0.6,Mean Filter,15.099019302349372,0.09471296120446547,5.551205504523604,0.006882899999254732
kodim04,0.6,SMF (3x3),12.35897910527293,0.08322757888396226,2.9538149580368422,0.035843400000885595
kodim04,0.6,DBRAMF,29.2932962458325,0.8734237402591705,145.8192967709535,2.4281283000000258
kodim04,0.7,Mean Filter,14.187130602398408,0.07518846323438413,5.250496612911648,0.008063200000833604
kodim04,0.7,SMF (3x3),10.002518376900563,0.037524007203658186,2.003268490784404,0.031618900000466965
kodim04,0.7,DBRAMF,27.75805535903045,0.8228251673346867,119.47935194152357,2.8440196000010474
kodim04,0.8,Mean Filter,13.39914455225057,0.05953888333966512,5.0023843214944925,0.009403800000654883
kodim04,0.8,SMF (3x3),8.15240672016349,0.01877571666801566,1.494525299747301,0.029849699998521828
kodim04,0.8,DBRAMF,25.745789003089605,0.7467181740511325,85.87000725472042,3.8433197000013024
kodim04,0.9,Mean Filter,12.674318399982107,0.04459729663406336,4.760401100703027,0.006240599999728147
kodim04,0.9,SMF (3x3),6.644817564503237,0.008889626636293214,1.1876636469025337,0.027542199999516015
kodim04,0.9,DBRAMF,22.52491139320221,0.6094545871234205,45.99417637268887,4.882598799998959
kodim05,0.1,Mean Filter,21.561926702698383,0.5726657302144189,4.528317055275126,0.006214299999555806
kodim05,0.1,SMF (3x3),26.155327088272223,0.8721341701903524,13.039978202222313,0.04788700000062818
kodim05,0.1,DBRAMF,31.975440211531527,0.9845043943511682,49.806746991159834,0.586424299999635
kodim05,0.2,Mean Filter,19.03656663513547,0.43470407720932464,5.0802227034779595,0.009976299999834737
kodim05,0.2,SMF (3x3),24.189450204407766,0.82364065877655,16.640681484483775,0.054020500001570326
kodim05,0.2,DBRAMF,29.84871652570228,0.9666369836306045,61.2488219653088,1.0603731999999582
kodim05,0.3,Mean Filter,17.21760157701531,0.3447926879535467,5.014331255507044,0.010212200000751182
kodim05,0.3,SMF (3x3),20.982053534139993,0.7084689384152314,11.930488227786899,0.042039599999043276
kodim05,0.3,DBRAMF,28.05146640251713,0.9423329678252512,60.757445133012894,1.9643366000000242
kodim05,0.4,Mean Filter,15.750603546117505,0.27417200306506123,4.770459827159808,0.008235200000854093
kodim05,0.4,SMF (3x3),17.474796484600237,0.522345441401354,7.095443346526314,0.04699579999942216
kodim05,0.4,DBRAMF,26.408819274786367,0.9104255616166614,55.51135339751714,2.5339115999995556
kodim05,0.5,Mean Filter,14.524465667685089,0.21380273976279232,4.499206268117941,0.008795800000370946
kodim05,0.5,SMF (3x3),14.32644666438305,0.3269894416130613,4.29866898255896,0.042334499999924446
kodim05,0.5,DBRAMF,24.82896501571616,0.8659438657589905,48.25983568045197,2.961463800000274
kodim05,0.6,Mean Filter,13.460820627877677,0.1635751278548699,4.2312135083975955,0.008297100001072977
kodim05,0.6,SMF (3x3),11.634185662735032,0.18390235025358834,2.778442695383512,0.0405745999996725
kodim05,0.6,DBRAMF,23.168040324632,0.8028753760938444,39.5536813245977,3.565552399999433
kodim05,0.7,Mean Filter,12.53911400210825,0.12185259190361152,3.988454895642557,0.006824799998867093
kodim05,0.7,SMF (3x3),9.427792606801734,0.09862345327693442,1.9483749872221956,0.03187649999927089
kodim05,0.7,DBRAMF,21.361720562154403,0.7100316368698985,30.413425717222164,3.866640099999131
kodim05,0.8,Mean Filter,11.7074089320923,0.08607292195253219,3.7629292196868382,0.0059803999993164325
kodim05,0.8,SMF (3x3),7.599250319116516,0.049701912522238365,1.461201764783392,0.03456280000136758
kodim05,0.8,DBRAMF,19.319123165587744,0.5725907420188269,21.711882134900808,3.9929279000007227
kodim05,0.9,Mean Filter,10.95603419229593,0.05340761355356562,3.55856648071157,0.005977099999654456
kodim05,0.9,SMF (3x3),6.15268165373379,0.021801807375051975,1.177442831095015,0.023997899999812944
kodim05,0.9,DBRAMF,16.80222722971392,0.3771524528792114,13.673962590618174,4.490728999999192
kodim06,0.1,Mean Filter,22.09701901379642,0.42449455318610785,4.990399153412265,0.005078099999082042
kodim06,0.1,SMF (3x3),26.866685505833765,0.8101056895857836,14.965868776918265,0.033554700001332094
kodim06,0.1,DBRAMF,32.416781878671166,0.9787914094233651,53.716977752827326,0.6563175000010233
kodim06,0.2,Mean Filter,19.530614875780472,0.301773906420478,5.49646795638423,0.005560900001000846
kodim06,0.2,SMF (3x3),25.118850357309384,0.761639905371961,19.902482402381175,0.03415010000026086
kodim06,0.2,DBRAMF,30.587786525423525,0.9556807530398413,70.11337378092895,1.1409218000007968
kodim06,0.3,Mean Filter,17.692062273038054,0.2298103344056884,5.394755535062009,0.005227399999057525
kodim06,0.3,SMF (3x3),21.704822431935433,0.6322425968750408,13.590886486164806,0.03623370000059367
kodim06,0.3,DBRAMF,28.99894529135308,0.9259414196062186,72.888677617398,1.6261450999991212
kodim06,0.4,Mean Filter,16.213266635007564,0.17854866260607763,5.1277191561270925,0.008316100000229198
kodim06,0.4,SMF (3x3),17.981278396882367,0.42897910377528237,7.704162013664976,0.040628799999467446
kodim06,0.4,DBRAMF,27.49499080016487,0.8881441046386933,68.88055654227811,2.292649099999835
kodim06,0.5,Mean Filter,15.00028517063142,0.13993012541344185,4.847062895864767,0.007262200000695884
kodim06,0.5,SMF (3x3),14.704282583128933,0.2362253274650028,4.527707851894537,0.045110099999874365
kodim06,0.5,DBRAMF,26.130118369553166,0.8399653214879711,62.87268031619258,3.1557375000011234
kodim06,0.6,Mean Filter,13.960400538940876,0.11253754582813397,4.57619945850711,0.005573400001594564
kodim06,0.6,SMF (3x3),11.93758981380261,0.11508188783369841,2.872260811661989,0.04331390000152169
kodim06,0.6,DBRAMF,24.63421991100531,0.7763577422421128,53.44251435783207,3.3936305999995966
kodim06,0.7,Mean Filter,13.046205601764992,0.08822201379835551,4.321304908635464,0.006108499999754713
kodim06,0.7,SMF (3x3),9.683986861224557,0.05630530088791383,1.9924757155798314,0.03626260000055481
kodim06,0.7,DBRAMF,23.247925478611002,0.6983188435505359,45.26754048041497,3.8401642000007996
kodim06,0.8,Mean Filter,12.203507275270562,0.06581546180769857,4.0713450727402485,0.007690000000366126
kodim06,0.8,SMF (3x3),7.8009731273100655,0.026656205466139817,1.4773537483496366,0.03144520000023476
kodim06,0.8,DBRAMF,21.60397261350223,0.5987496911562896,35.463732872625755,4.179289800000333
kodim06,0.9,Mean Filter,11.456325277516493,0.04819024555887722,3.8531564176752684,0.006841799999165232
kodim06,0.9,SMF (3x3),6.326518599942178,0.013245671430256144,1.1825948180676167,0.024694899999303743
kodim06,0.9,DBRAMF,18.97768192758612,0.46855094266023284,21.77470622608771,4.980506699999751
kodim07,0.1,Mean Filter,23.992061205123623,0.49729655128018346,6.9341211777482945,0.0057006999995792285
kodim07,0.1,SMF (3x3),32.730027332251055,0.9514575686203748,51.854689684479766,0.03224989999944228
kodim07,0.1,DBRAMF,34.617049520750264,0.993725429199335,80.07376672430874,0.6217479999995703
kodim07,0.2,Mean Filter,21.077837607882138,0.3553543536780682,7.064235133398504,0.006949399999939487
kodim07,0.2,SMF (3x3),28.84052111717739,0.9033005658940507,42.20204509843844,0.04691070000080799
kodim07,0.2,DBRAMF,33.508664672877316,0.9863091327796949,123.63682755986329,1.0550257000013517
kodim07,0.3,Mean Filter,19.21868115651311,0.2705051402987749,6.896715198042464,0.005566300000282354
kodim07,0.3,SMF (3x3),23.64576712919878,0.7471390381736224,19.113969527791852,0.03936740000062855
kodim07,0.3,DBRAMF,32.30084412268401,0.9757129722205931,140.23570064214505,1.5207128999991255
kodim07,0.4,Mean Filter,17.758599143309798,0.20948301642912573,6.589885030358485,0.005820799999128212
kodim07,0.4,SMF (3x3),19.035785641186,0.48995540488224926,8.842936116549083,0.04466529999990598
kodim07,0.4,DBRAMF,30.885101357118945,0.9596565637759424,135.3717549691008,2.245274900000368
kodim07,0.5,Mean Filter,16.581541623520103,0.16338501373607683,6.2881095868503625,0.007540299999163835
kodim07,0.5,SMF (3x3),15.401273935568415,0.2544077695037918,4.791740969183313,0.038589499999943655
kodim07,0.5,DBRAMF,29.22722234487392,0.9345653629607941,115.63469892212893,2.5064566000000923
kodim07,0.6,Mean Filter,15.641883216482102,0.12939047512364266,6.07352631941621,0.0072142999997595325
kodim07,0.6,SMF (3x3),12.509800466488223,0.12090948682765303,2.952790553663507,0.032887100000152714
kodim07,0.6,DBRAMF,27.42636512451572,0.8953274181040619,91.59865751680505,3.0681418999993184
kodim07,0.7,Mean Filter,14.8179968469187,0.09920455508814889,5.850996092852038,0.005138500000612112
kodim07,0.7,SMF (3x3),10.201772634935754,0.059932411401154316,2.0211911450469113,0.03134039999895322
kodim07,0.7,DBRAMF,25.405286130524416,0.8321597125262481,66.9820964820295,3.5232870999989245
kodim07,0.8,Mean Filter,14.073817284115835,0.07457336518656435,5.631728204502301,0.005764000001363456
kodim07,0.8,SMF (3x3),8.31254451371063,0.030549502743684072,1.4945636312237187,0.03199330000097689
kodim07,0.8,DBRAMF,23.201994523986144,0.7299930663381863,46.07437056749816,5.114189300000362
kodim07,0.9,Mean Filter,13.382012756862729,0.05321587894215338,5.405060474511904,0.013041500000326778
kodim07,0.9,SMF (3x3),6.798552542373554,0.013770474343890398,1.1870104325944035,0.044212299999344395
kodim07,0.9,DBRAMF,20.400343226703498,0.5640973627099864,27.204052506359446,4.457409599999664
kodim08,0.1,Mean Filter,20.200984441207005,0.5452586330664775,3.2832448214037866,0.005547100001422223
kodim08,0.1,SMF (3x3),23.089661373033152,0.794298684483611,6.385147896764189,0.035013700000490644
kodim08,0.1,DBRAMF,25.831263215964974,0.9626790604405159,12.0041425872657,0.5593306000009761
kodim08,0.2,Mean Filter,18.272717708145112,0.4374939162846583,4.19436882508507,0.005224200000156998
kodim08,0.2,SMF (3x3),21.550194892908223,0.7455084592483335,8.92101634894715,0.03899499999897671
kodim08,0.2,DBRAMF,24.496914355915177,0.9356251567887484,17.582728965053917,1.1402885999996215
kodim08,0.3,Mean Filter,16.777916766029115,0.3604997828733321,4.45064355493899,0.005331100001058076
kodim08,0.3,SMF (3x3),19.32715226580824,0.6461892555727612,8.004724027521677,0.04905470000085188
kodim08,0.3,DBRAMF,23.331752127814664,0.9031017879149676,20.12826538720871,1.7568539000003511
kodim08,0.4,Mean Filter,15.500809467067839,0.2951067361820742,4.4279124491042525,0.005522400000700145
kodim08,0.4,SMF (3x3),16.5718434240282,0.4893994713109272,5.66633727003558,0.047558600001138984
kodim08,0.4,DBRAMF,22.135665878250098,0.8616013982757571,20.40256012290475,2.0582212999997864
kodim08,0.5,Mean Filter,14.40840089924999,0.23861578461134128,4.306698450449806,0.0064122000003408175
kodim08,0.5,SMF (3x3),13.848686462201982,0.3260578889400986,3.7859338406042258,0.042414899999130284
kodim08,0.5,DBRAMF,21.021162641832063,0.8087306180104284,19.743340625985663,2.299875200000315
kodim08,0.6,Mean Filter,13.449612092335022,0.19017391982723875,4.14926171130809,0.006759300000339863
kodim08,0.6,SMF (3x3),11.431723703860364,0.20208795899399581,2.607245878579293,0.04404369999974733
kodim08,0.6,DBRAMF,19.8290377424165,0.7404078564360242,18.026582208944106,3.2600261000006867
kodim08,0.7,Mean Filter,12.57009398664556,0.14344071308513312,3.958330062017421,0.006609699999899021
kodim08,0.7,SMF (3x3),9.313795506575271,0.1187657168309388,1.8701746102257553,0.0322132999990572
kodim08,0.7,DBRAMF,18.51367143362519,0.6485512989833088,15.554990469641691,3.3068565000012313
kodim08,0.8,Mean Filter,11.800728696665486,0.09895240392628374,3.7893361096482607,0.005563500000789645
kodim08,0.8,SMF (3x3),7.5766114782364715,0.06305378769984327,1.4326872849207402,0.02833469999859517
kodim08,0.8,DBRAMF,16.889725597199043,0.5164968244334673,12.231024002543283,8.513345200000913
kodim08,0.9,Mean Filter,11.115294020795886,0.05993334477485404,3.635404667574551,0.008431000000200584
kodim08,0.9,SMF (3x3),6.185532154614874,0.027175138463851035,1.1683597143559274,0.03957700000137265
kodim08,0.9,DBRAMF,14.617144466334373,0.31970578991666415,8.142125741277349,9.525437300000704
kodim09,0.1,Mean Filter,23.903713441536798,0.4115917072540376,6.719454169648493,0.0121021999984805
kodim09,0.1,SMF (3x3),31.95634763313159,0.9105517408442514,42.91384372245654,0.05888980000054289
kodim09,0.1,DBRAMF,34.55616175289238,0.9895854804894054,78.0870160326249,1.1600168000004487
kodim09,0.2,Mean Filter,21.054606121463046,0.27912248395443956,6.9800747597319175,0.01079089999984717
kodim09,0.2,SMF (3x3),28.47062274501445,0.8601390708176261,38.50008926870778,0.05730310000035388
kodim09,0.2,DBRAMF,33.46837828989709,0.9782941949452116,121.68506851746484,2.45605710000018
kodim09,0.3,Mean Filter,19.222196083997545,0.20916694836484023,6.867830483675388,0.009851500000877422
kodim09,0.3,SMF (3x3),23.512576765743095,0.6987550534543969,18.444107094310517,0.056370500000411994
kodim09,0.3,DBRAMF,32.2077816419568,0.9639343863181331,136.57717420303166,3.081028399999923
kodim09,0.4,Mean Filter,17.847724402127618,0.16505998675951775,6.6550580275257865,0.009721000000354252
kodim09,0.4,SMF (3x3),19.03931890582593,0.430401002562151,8.756111776720147,0.058509000000412925
kodim09,0.4,DBRAMF,30.928061659153624,0.9453421617706216,135.26504217914967,4.1449310000007245
kodim09,0.5,Mean Filter,16.736643798136562,0.13378702835172243,6.432586476186117,0.01021740000032878
kodim09,0.5,SMF (3x3),15.388664364502478,0.20334912395771318,4.71615087238924,0.06012080000073183
kodim09,0.5,DBRAMF,29.488462123396552,0.9214216969229245,121.2180981491332,3.865411699998731
kodim09,0.6,Mean Filter,15.80816965148272,0.10859402084749403,6.22568011895066,0.008087199999863515
kodim09,0.6,SMF (3x3),12.533411342383541,0.09004945139775535,2.9289433479015914,0.05560220000006666
kodim09,0.6,DBRAMF,27.995026269297924,0.8886710359110245,103.00835797262361,6.085510099999738
kodim09,0.7,Mean Filter,14.971887348298873,0.08593539298793204,5.9941928910430375,0.009040999999342603
kodim09,0.7,SMF (3x3),10.207669112686554,0.04568236144266347,2.0012847716738595,0.04559970000082103
kodim09,0.7,DBRAMF,26.357189158609287,0.842855368993042,82.4633351251748,7.4357304999994085
kodim09,0.8,Mean Filter,14.261700010511912,0.06596374389074133,5.813385335034889,0.009074099998542806
kodim09,0.8,SMF (3x3),8.35274285577543,0.023636163980597043,1.491191416836582,0.05399299999953655
kodim09,0.8,DBRAMF,24.109356565230563,0.7708625461923333,56.12996432644734,8.52633489999971
kodim09,0.9,Mean Filter,13.583019274810383,0.049463069814039896,5.596276816617965,0.010004900001149508
kodim09,0.9,SMF (3x3),6.843454761696436,0.011408561594074381,1.185612411845464,0.042770000000018626
kodim09,0.9,DBRAMF,21.095727052329,0.6481070948106208,31.562396130195733,9.788644099999146
kodim10,0.1,Mean Filter,23.89548336463616,0.42893834182917806,6.734935809523883,0.00890120000076422
kodim10,0.1,SMF (3x3),31.610313536653692,0.9142274225471305,39.79389759770545,0.06348240000079386
kodim10,0.1,DBRAMF,33.580843506882346,0.988377191098657,62.642556743612296,1.319134400000621
kodim10,0.2,Mean Filter,21.060512930721078,0.2867639040686038,6.996817766446411,0.011677700000291225
kodim10,0.2,SMF (3x3),28.38450996743935,0.860608724479672,37.7833330461964,0.06032439999944472
kodim10,0.2,DBRAMF,32.40576737793755,0.9764519939414859,95.3731237949443,2.3400696000007883
kodim10,0.3,Mean Filter,19.200953800140425,0.21183543078096032,6.858044944208481,0.009545599999910337
kodim10,0.3,SMF (3x3),23.505694324720853,0.69661632608038,18.478826140760834,0.04949979999946663
kodim10,0.3,DBRAMF,31.127964607965737,0.9607032260289282,106.8812213015668,3.3387545999994472
kodim10,0.4,Mean Filter,17.775454910753105,0.1657004424382762,6.590841956877659,0.011153499999636551
kodim10,0.4,SMF (3x3),18.992766319940745,0.4334024324966343,8.72312385124537,0.061073600001691375
kodim10,0.4,DBRAMF,30.00462949529294,0.9406552092463975,110.11801044483106,4.552698800000144
kodim10,0.5,Mean Filter,16.635146564509483,0.1323514416031631,6.3364306672629285,0.01184579999971902
kodim10,0.5,SMF (3x3),15.344427108151278,0.20376527239000136,4.707309369800409,0.05411709999862069
kodim10,0.5,DBRAMF,28.531729587008677,0.9125844280023513,98.06250644278141,5.374259700000039
kodim10,0.6,Mean Filter,15.66572159285812,0.10584825788768365,6.0845674146234225,0.008049800000662799
kodim10,0.6,SMF (3x3),12.470945629419104,0.08831633239018069,2.915762263636188,0.05450100000052771
kodim10,0.6,DBRAMF,27.197101255842785,0.8738714026213984,86.57005104177367,6.6977321000013035
kodim10,0.7,Mean Filter,14.847330962111949,0.08283870543911646,5.869845686190339,0.010589600000457722
kodim10,0.7,SMF (3x3),10.169209296908788,0.04254071274031559,1.999007932990587,0.04773630000090634
kodim10,0.7,DBRAMF,25.692503611808753,0.8176656645629845,71.30893480160265,7.767638200000874
kodim10,0.8,Mean Filter,14.118616342840767,0.06419611330686754,5.671324898108064,0.009758000000147149
kodim10,0.8,SMF (3x3),8.318739992728272,0.021707136234160603,1.49175290686023,0.05031299999973271
kodim10,0.8,DBRAMF,23.735364116125833,0.7343257987624056,51.92294356994587,9.180535299999974
kodim10,0.9,Mean Filter,13.458354771795602,0.04740091682843591,5.474358362709572,0.0096560000001773
kodim10,0.9,SMF (3x3),6.826518271698879,0.009690906559036084,1.1889116257120966,0.04245440000158851
kodim10,0.9,DBRAMF,20.744874916415835,0.5977341558349926,29.30793625492836,9.974353300000075
kodim11,0.1,Mean Filter,22.877338850058457,0.4256658944263104,5.709495145809601,0.009367099999508355
kodim11,0.1,SMF (3x3),28.61618408349008,0.8414433693946607,21.403373558281206,0.06009460000132094
kodim11,0.1,DBRAMF,33.464091314244975,0.9826743241691341,65.35411748156046,1.2720019000007596
kodim11,0.2,Mean Filter,20.148600916611542,0.29561282590607196,6.092960596157762,0.009910900000249967
kodim11,0.2,SMF (3x3),26.311285485465806,0.7894744360221159,25.182383089258003,0.05593889999909152
kodim11,0.2,DBRAMF,31.77205476212183,0.9628719441711304,88.54698008267971,2.2539333000004262
kodim11,0.3,Mean Filter,18.296305859299903,0.2229833258479789,5.961101331500422,0.009573399998771492
kodim11,0.3,SMF (3x3),22.531201496211494,0.6527353408709315,15.805784925771544,0.07934940000086499
kodim11,0.3,DBRAMF,30.25713457299013,0.9380527208679319,93.6287824265192,3.228473099999974
kodim11,0.4,Mean Filter,16.81687978072145,0.17388980853981553,5.66238307471162,0.007979100000738981
kodim11,0.4,SMF (3x3),18.44523130725316,0.43079777325290797,8.238239240258887,0.054550700000618235
kodim11,0.4,DBRAMF,28.85426057014252,0.9061148332488264,90.51849531795854,4.365409799998815
kodim11,0.5,Mean Filter,15.580472427596355,0.13709226371030447,5.332564499179337,0.009673599999587168
kodim11,0.5,SMF (3x3),14.971585544223602,0.22511635663338092,4.634975349564635,0.05338850000043749
kodim11,0.5,DBRAMF,27.526303089513917,0.8667858837671132,83.46784161639695,5.382734400000118
kodim11,0.6,Mean Filter,14.561088162103442,0.1075216871847426,5.05925533085272,0.010158700000829413
kodim11,0.6,SMF (3x3),12.146674686258049,0.10530602282390142,2.901651497724022,0.06263639999997395
kodim11,0.6,DBRAMF,26.16121837710404,0.8149938104121585,73.13068130826011,6.296929799998907
kodim11,0.7,Mean Filter,13.645503769669931,0.08253645697361053,4.7814145094496086,0.009463200000027427
kodim11,0.7,SMF (3x3),9.849065656854513,0.050988378763486567,1.994860742608317,0.05337539999891305
kodim11,0.7,DBRAMF,24.683710507009234,0.745402459387444,60.72633468920549,7.728207000000111
kodim11,0.8,Mean Filter,12.837388018789147,0.0618104569167345,4.535648070506893,0.008704700001544552
kodim11,0.8,SMF (3x3),7.979981105508433,0.02459170447725474,1.482172182480643,0.057338100001288694
kodim11,0.8,DBRAMF,22.876068955855764,0.6498217551969033,45.762257779883214,8.678726500000266
kodim11,0.9,Mean Filter,12.119711988107731,0.04374509494962156,4.3222672182930975,0.008284699999421719
kodim11,0.9,SMF (3x3),6.510710792976281,0.011180947480510467,1.1879864673861193,0.03559270000005199
kodim11,0.9,DBRAMF,20.152755848197273,0.5070497717724323,27.479953851302874,10.604767299999367
kodim12,0.1,Mean Filter,23.395198784389954,0.36995465293522267,6.600040095190866,0.0073280999986309325
kodim12,0.1,SMF (3x3),32.36460849999315,0.8876989831415784,52.058007956320665,0.057998600001155864
kodim12,0.1,DBRAMF,34.65695696439002,0.9877552540989928,88.25156017200607,1.2986493999997037
kodim12,0.2,Mean Filter,20.274986009898107,0.23935335321088935,6.417503495684239,0.007860399999117362
kodim12,0.2,SMF (3x3),28.758051701589544,0.8386699233191037,45.255637088665715,0.06618189999971946
kodim12,0.2,DBRAMF,33.29825263999065,0.9732498976716769,128.7338556829868,1.866143599998395
kodim12,0.3,Mean Filter,18.23567152949837,0.18002961379245813,6.006787849222763,0.009672199999840814
kodim12,0.3,SMF (3x3),23.419916133693242,0.6807083135092903,19.818316233466625,0.05574270000033721
kodim12,0.3,DBRAMF,32.032692152219205,0.9555291775543187,143.9939866524106,2.8958390000007057
kodim12,0.4,Mean Filter,16.664998348367092,0.13998976675047906,5.579669061632206,0.010711999999330146
kodim12,0.4,SMF (3x3),18.80687805404436,0.42390477844323354,9.136848242950801,0.05508670000017446
kodim12,0.4,DBRAMF,30.679034100681438,0.9333282466914821,140.6086427934064,3.695477600000231
kodim12,0.5,Mean Filter,15.368174204793606,0.10967891852778258,5.180435125980413,0.006057599999621743
kodim12,0.5,SMF (3x3),15.107910152464477,0.19868198377609445,4.87910129080289,0.04544809999970312
kodim12,0.5,DBRAMF,29.349798202643157,0.9057289754231109,129.57721434577303,4.660127800001646
kodim12,0.6,Mean Filter,14.2984472256774,0.08786059697495043,4.8564422119868285,0.008646899999803281
kodim12,0.6,SMF (3x3),12.190812168828149,0.07974314938673253,2.989198252129109,0.054209200001423596
kodim12,0.6,DBRAMF,27.892310404027114,0.8689642574872148,111.09756572609358,5.1537301999997
kodim12,0.7,Mean Filter,13.335249744051358,0.07042211623169145,4.539795110076237,0.006499400000393507
kodim12,0.7,SMF (3x3),9.813683386302717,0.036434103278874384,2.0178069657995152,0.05753259999983129
kodim12,0.7,DBRAMF,26.27179490721555,0.8216968811999525,89.26696493042918,6.027468500000396
kodim12,0.8,Mean Filter,12.504237362776866,0.05679659565399177,4.280996166161482,0.007421700000122655
kodim12,0.8,SMF (3x3),7.925706796262171,0.019315008107568143,1.491735352828525,0.04601200000070094
kodim12,0.8,DBRAMF,24.22857811285048,0.7587940012124442,63.67646036337218,7.007927999999083
kodim12,0.9,Mean Filter,11.735503379839878,0.044860587531065386,4.0353552067511425,0.006436900001062895
kodim12,0.9,SMF (3x3),6.415620703227401,0.009531564420567063,1.18547800677536,0.02897590000065975
kodim12,0.9,DBRAMF,20.403158148312603,0.6544740717238803,29.692532860839876,8.364830300000904
kodim13,0.1,Mean Filter,20.671746684674737,0.5080407581214329,3.4723436518902493,0.008695299999089912
kodim13,0.1,SMF (3x3),23.18349535591032,0.7300351264688,6.191524091665813,0.05979579999984708
kodim13,0.1,DBRAMF,28.642823925338856,0.9668476272908041,21.763584405178023,1.0497829999985697
kodim13,0.2,Mean Filter,18.759923067851837,0.38882241139593765,4.487848281929786,0.006621699998504482
kodim13,0.2,SMF (3x3),22.021900421691324,0.6865290895207448,9.511212875093513,0.0462147999987792
kodim13,0.2,DBRAMF,26.681570916757366,0.9347497064962149,27.810125674030505,1.8671388999991905
kodim13,0.3,Mean Filter,17.26598107215556,0.3074699799345525,4.784232382724745,0.006736399998771958
kodim13,0.3,SMF (3x3),19.856057175880842,0.58883038141421,8.68600103325219,0.04592130000128236
kodim13,0.3,DBRAMF,25.09507057992526,0.8953112283066765,29.021590984652065,2.56169669999872
kodim13,0.4,Mean Filter,16.032012897317188,0.2463028426038196,4.80221738093296,0.00972150000052352
kodim13,0.4,SMF (3x3),17.036022308937408,0.4351673885829964,6.051217406707596,0.046617199999673176
kodim13,0.4,DBRAMF,23.716095440745377,0.8469385793545475,28.174101160395022,3.516811499999676
kodim13,0.5,Mean Filter,14.967340716117363,0.19513634409692202,4.698685268648359,0.0064003999996202765
kodim13,0.5,SMF (3x3),14.211134755004773,0.2726807249017096,3.9478056076706354,0.06192980000014359
kodim13,0.5,DBRAMF,22.459102939772922,0.7857120992492063,26.372577550563634,4.251480400000219
kodim13,0.6,Mean Filter,14.06453756401283,0.1524217406530118,4.573067880135442,0.005903899998884299
kodim13,0.6,SMF (3x3),11.71077081598824,0.15444462054233826,2.659689709975352,0.041248699999414384
kodim13,0.6,DBRAMF,21.160829650848058,0.7059252888493797,23.43348367182307,4.584747000000789
kodim13,0.7,Mean Filter,13.238368040671824,0.11364598697943329,4.410057073131339,0.009478500000113854
kodim13,0.7,SMF (3x3),9.594714156749957,0.08462694105000003,1.9058065778445343,0.041446700000960846
kodim13,0.7,DBRAMF,19.950858511397954,0.6051625719092849,20.686797205155806,3.5935018000000127
kodim13,0.8,Mean Filter,12.491409365762717,0.08014130426270855,4.244122618668921,0.006269700001212186
kodim13,0.8,SMF (3x3),7.819192317286525,0.04261147949491983,1.4473255135304712,0.03227089999927557
kodim13,0.8,DBRAMF,18.600788493934456,0.4704039943920522,17.32709815502881,3.987455599999521
kodim13,0.9,Mean Filter,11.818855584175981,0.05188877662937758,4.087386084844809,0.005851500000062515
kodim13,0.9,SMF (3x3),6.407822695788283,0.018939310157253485,1.175824143005329,0.028916100000060396
kodim13,0.9,DBRAMF,16.84407663813924,0.3029649464663482,13.00073085464647,4.531466100001126
kodim14,0.1,Mean Filter,22.685032217676813,0.4996536426836198,5.596858598237814,0.00522129999990284
kodim14,0.1,SMF (3x3),28.400909168095904,0.8524995302578939,20.87046040968402,0.03476790000058827
kodim14,0.1,DBRAMF,33.00634154067431,0.9825413452239372,60.266402408922794,0.49509199999920384
kodim14,0.2,Mean Filter,19.89992935686172,0.3571441958820362,5.901192784378857,0.005604500000117696
kodim14,0.2,SMF (3x3),26.18300787728693,0.8032004096440934,25.07538759727061,0.03792029999931401
kodim14,0.2,DBRAMF,31.521113163737393,0.9629143879079025,85.71526721939017,0.8976291999988462
kodim14,0.3,Mean Filter,17.98842308479539,0.2710222466239491,5.7053338795583235,0.0060297999989415985
kodim14,0.3,SMF (3x3),22.231815226080105,0.6737994292815125,15.157245287735876,0.04699580000124115
kodim14,0.3,DBRAMF,30.150819710270326,0.938417278977171,93.86868355446884,1.6815301999995427
kodim14,0.4,Mean Filter,16.510524774754515,0.21082954606044005,5.403745980271589,0.005047500000728178
kodim14,0.4,SMF (3x3),18.266487332026003,0.467722254908263,8.09638555203178,0.03892480000104115
kodim14,0.4,DBRAMF,28.77279116510611,0.9060652087849034,90.9748953149626,1.8853156000004674
kodim14,0.5,Mean Filter,15.265348957682406,0.16437340454996216,5.073446461380903,0.005746400000134599
kodim14,0.5,SMF (3x3),14.835055538454359,0.2622316921646834,4.594875408265477,0.03758249999918917
kodim14,0.5,DBRAMF,27.372975714300402,0.862641605911863,82.42629088908312,2.441597400000319
kodim14,0.6,Mean Filter,14.232595822356402,0.12858295761004168,4.79649941629925,0.009692999999970198
kodim14,0.6,SMF (3x3),12.04803782076786,0.13148415624088722,2.9004714555511937,0.045572199998787255
kodim14,0.6,DBRAMF,25.82769181991248,0.8026725584230066,69.25226715026633,5.973519400000441
kodim14,0.7,Mean Filter,13.282174566499556,0.09634647345264984,4.502894258568766,0.009468899999774294
kodim14,0.7,SMF (3x3),9.728453692292971,0.0636820716679762,1.9866422213460575,0.05896989999928337
kodim14,0.7,DBRAMF,24.24991209192164,0.7195922607975235,56.26852113964922,7.055264900000111
kodim14,0.8,Mean Filter,12.47940270371906,0.07120218298313137,4.270703607228222,0.007846799999242648
kodim14,0.8,SMF (3x3),7.883520011217002,0.031222999408079533,1.482214858611755,0.057018800000150804
kodim14,0.8,DBRAMF,22.225660452571493,0.5963055290628618,40.28331540296125,7.457187799998792
kodim14,0.9,Mean Filter,11.731471108657486,0.04705638984639866,4.043613889096065,0.011816399999588612
kodim14,0.9,SMF (3x3),6.401749108932849,0.013131891871958734,1.185215928924909,0.0377649999991263
kodim14,0.9,DBRAMF,19.43678643059615,0.4220295108199302,23.839723377514357,9.168238199999905
kodim15,0.1,Mean Filter,22.284668669844976,0.3555311423028949,6.101958146802388,0.010459099999934551
kodim15,0.1,SMF (3x3),31.228191221167148,0.8979324029971134,47.8433387864077,0.05880539999998291
kodim15,0.1,DBRAMF,28.70838450812782,0.9794093741430676,26.781864492862322,1.4296073999994405
kodim15,0.2,Mean Filter,18.917441469088804,0.22937684377397033,5.595708603776342,0.011887799999385606
kodim15,0.2,SMF (3x3),27.662469502586355,0.8554113150984034,41.91388272437022,0.06024249999973108
kodim15,0.2,DBRAMF,26.81077834374438,0.9650379585686741,34.44996444450349,2.5970682999995915
kodim15,0.3,Mean Filter,16.683014030814185,0.16903624521987243,4.999727207787143,0.012353000000075554
kodim15,0.3,SMF (3x3),22.667630673239366,0.7182401987506857,19.833893343992273,0.06179309999970428
kodim15,0.3,DBRAMF,25.300910722927984,0.9497328770882018,36.36938677520633,3.2008423000006587
kodim15,0.4,Mean Filter,14.9110396500758,0.12896419027931635,4.440273426702731,0.00791180000123859
kodim15,0.4,SMF (3x3),18.020569830157417,0.48286769837614174,9.085790785343349,0.05329560000063793
kodim15,0.4,DBRAMF,24.819540885445434,0.9313241383485777,43.47702688417431,4.500235200001043
kodim15,0.5,Mean Filter,13.465731486265078,0.10106997184432776,3.9863825085615456,0.009950799998478033
kodim15,0.5,SMF (3x3),14.298202115345225,0.24851656529811267,4.828653383891517,0.07338269999854674
kodim15,0.5,DBRAMF,23.659213631172822,0.9079977425477729,41.67994940087816,4.999466100000063
kodim15,0.6,Mean Filter,12.239679841620735,0.0803962887958855,3.61652590969331,0.007664400000066962
kodim15,0.6,SMF (3x3),11.384647691007178,0.10576339266472379,2.970218274402219,0.049189400000614114
kodim15,0.6,DBRAMF,22.757276656597533,0.8771002809314481,40.742836613599295,6.366372899999988
kodim15,0.7,Mean Filter,11.200538801246896,0.06413367015771808,3.313644757779435,0.008888000000297325
kodim15,0.7,SMF (3x3),9.059297408576365,0.045481791737701525,2.0238662510374237,0.05498230000011972
kodim15,0.7,DBRAMF,21.41859357541489,0.8346811086810643,34.84266979115821,3.477927899999486
kodim15,0.8,Mean Filter,10.26754933342378,0.05112130768855114,3.0545224685144237,0.005435499999293825
kodim15,0.8,SMF (3x3),7.16952774451758,0.021806259906910718,1.496722078825491,0.029156000000511995
kodim15,0.8,DBRAMF,20.004655697608207,0.7718552164136264,28.75106658777955,3.9868323000009696
kodim15,0.9,Mean Filter,9.42867682579035,0.038901483128298636,2.831465824014763,0.00629300000036892
kodim15,0.9,SMF (3x3),5.6595154385331545,0.010305274927077812,1.1887627427078697,0.02433009999913338
kodim15,0.9,DBRAMF,17.295643728066825,0.6515188149698043,17.32638714919499,4.596503099999609
kodim16,0.1,Mean Filter,23.483291454959115,0.3917558404620626,6.389708689499995,0.0056362000013905345
kodim16,0.1,SMF (3x3),29.901368425836047,0.8414964360779463,28.008429396269786,0.040096599999742466
kodim16,0.1,DBRAMF,33.705188289973776,0.9831181045091917,67.24666366321546,0.5682944000000134
kodim16,0.2,Mean Filter,20.589152810528635,0.2542734368323506,6.5825142113549076,0.006553799999892362
kodim16,0.2,SMF (3x3),27.514460967898977,0.7900033346838566,32.428183444928315,0.034766799999488285
kodim16,0.2,DBRAMF,32.68118460161479,0.9644463073920785,106.56018958858058,1.1571780999984185
kodim16,0.3,Mean Filter,18.694620955097204,0.1860012388918197,6.3833756676428015,0.005358800000976771
kodim16,0.3,SMF (3x3),23.14576235233399,0.6408078179558615,17.7895328420525,0.03909150000072259
kodim16,0.3,DBRAMF,31.649969272244473,0.941205776053038,126.0623026101946,1.6330980000002455
kodim16,0.4,Mean Filter,17.253460704848532,0.14348862083683842,6.089526354126617,0.007325799999307492
kodim16,0.4,SMF (3x3),18.835031040999645,0.4015983184681557,8.764770481969139,0.0356368000011571
kodim16,0.4,DBRAMF,30.598965392503512,0.9110146483140604,131.56306515223596,1.9364688999994542
kodim16,0.5,Mean Filter,16.053165298265867,0.11269238085132686,5.772574442520891,0.008941600000980543
kodim16,0.5,SMF (3x3),15.260797226154297,0.18973794302790706,4.809863316207464,0.042281399999410496
kodim16,0.5,DBRAMF,29.545165345043756,0.8739165555793955,128.99401094028954,2.4614728999986255
kodim16,0.6,Mean Filter,15.025880720287923,0.09002910348545759,5.475468277788276,0.005453099998703692
kodim16,0.6,SMF (3x3),12.352966305307065,0.0780195181617598,2.958896851466967,0.03599220000069181
kodim16,0.6,DBRAMF,28.429133869881934,0.8257045926366778,119.87995801495154,2.736701699999685
kodim16,0.7,Mean Filter,14.121273210873532,0.07080346838446822,5.187550689598156,0.006114900001193746
kodim16,0.7,SMF (3x3),10.020826635222305,0.034292586690881456,2.0179838945983,0.04214210000100138
kodim16,0.7,DBRAMF,27.177691373073923,0.7628217037959574,104.85862767170552,2.9661624999989726
kodim16,0.8,Mean Filter,13.313478833006798,0.055899597134828526,4.925540738353302,0.006784600000173668
kodim16,0.8,SMF (3x3),8.119944663745631,0.01659881279349356,1.4897057651107717,0.029194999999162974
kodim16,0.8,DBRAMF,25.59372148034673,0.6784253580473169,83.26800893404281,4.0249559999992925
kodim16,0.9,Mean Filter,12.577784556948135,0.04185386235394677,4.679349043383354,0.00673589999860269
kodim16,0.9,SMF (3x3),6.608290978580749,0.007711167086856647,1.1836848349542337,0.02396520000002056
kodim16,0.9,DBRAMF,23.202168743577506,0.5658446813725189,54.02861815409043,5.679328700000042
kodim17,0.1,Mean Filter,23.031681466407644,0.4333379598387679,6.503316684914563,0.006775600000764825
kodim17,0.1,SMF (3x3),31.48361729568123,0.9216857054620082,45.533232807475,0.03542190000007395
kodim17,0.1,DBRAMF,40.537189941063446,0.9915198413355016,366.17252125235177,0.5481974000012997
kodim17,0.2,Mean Filter,19.752633113862505,0.2880356934885509,6.122349214059265,0.007199499999842374
kodim17,0.2,SMF (3x3),28.290203342718616,0.8756665168449153,43.71949337570082,0.03661790000114706
kodim17,0.2,DBRAMF,37.08391897544643,0.9808178518978606,331.1667179253829,0.9798662000011973
kodim17,0.3,Mean Filter,17.601151899708686,0.21235749491381123,5.595973129007564,0.006947899999431684
kodim17,0.3,SMF (3x3),23.19916077137213,0.7354281882310612,20.30843735209578,0.04110679999939748
kodim17,0.3,DBRAMF,34.65721804057854,0.9668033512819123,284.1071964063399,1.5001941999998962
kodim17,0.4,Mean Filter,15.926171439818091,0.160758222152042,5.074145212950726,0.006664499998805695
kodim17,0.4,SMF (3x3),18.45977351309924,0.49097078536002137,9.093333079088676,0.03844249999929161
kodim17,0.4,DBRAMF,32.548741010733124,0.9473634640159276,233.14164094510005,1.968978299999435
kodim17,0.5,Mean Filter,14.550426327514101,0.125385243655342,4.624204292786785,0.00815379999949073
kodim17,0.5,SMF (3x3),14.716243472457663,0.2528152363571102,4.8041739836296795,0.03760279999914928
kodim17,0.5,DBRAMF,30.699089742377865,0.9214341989009421,190.5036732331214,2.707494100000986
kodim17,0.6,Mean Filter,13.388019993687534,0.09712617434497024,4.246683520081163,0.009207299999616225
kodim17,0.6,SMF (3x3),11.78105287962461,0.11078631836431345,2.933277732810383,0.04328519999944547
kodim17,0.6,DBRAMF,28.799955252093703,0.8828177760733911,147.6533900710432,7.215400499999305
kodim17,0.7,Mean Filter,12.398107473205105,0.07484915837565001,3.939376422888983,0.010087699998621247
kodim17,0.7,SMF (3x3),9.470316821850004,0.04983889400154445,2.007467006449072,0.05750540000008186
kodim17,0.7,DBRAMF,26.808223459611643,0.8245700443974794,108.75245760099553,4.679472600000736
kodim17,0.8,Mean Filter,11.500866663995934,0.055885902818530266,3.664669507215293,0.006108700001277612
kodim17,0.8,SMF (3x3),7.604663931140044,0.022647048699164646,1.4942199867511565,0.031048499999087653
kodim17,0.8,DBRAMF,24.42085319690146,0.7310406660741201,71.78496084441448,5.033053700000892
kodim17,0.9,Mean Filter,10.680454418143475,0.03917967470069606,3.414148152265885,0.008512899999914225
kodim17,0.9,SMF (3x3),6.093337142727737,0.009490727438804334,1.1873277967171303,0.024469900001349743
kodim17,0.9,DBRAMF,21.048386592639933,0.5721900667374817,37.15998929830808,5.174761899999794
kodim18,0.1,Mean Filter,22.171770531198632,0.4731425265452954,5.278014714069706,0.006060099998649093
kodim18,0.1,SMF (3x3),27.15576938453207,0.8473847603701503,16.62916650869988,0.037137900000743684
kodim18,0.1,DBRAMF,33.23395203517717,0.9824540628351164,67.40447757629462,0.591071999999258
kodim18,0.2,Mean Filter,19.37227804799564,0.33170612960816154,5.550078254404111,0.006729299999278737
kodim18,0.2,SMF (3x3),25.373864020476876,0.8015205717096348,22.10332980331312,0.03730030000042461
kodim18,0.2,DBRAMF,30.97765306076502,0.962530083716164,80.32238729920745,1.0408845999991172
kodim18,0.3,Mean Filter,17.41103038139366,0.2520503934767172,5.29888283309907,0.00892559999920195
kodim18,0.3,SMF (3x3),21.87732788197726,0.6809636098557647,14.818835146889398,0.038214599999264465
kodim18,0.3,DBRAMF,29.3531181379913,0.9385626921919047,82.8691897033979,1.897092999999586
kodim18,0.4,Mean Filter,15.84269990355458,0.19376740802244108,4.925860456257452,0.005755099999078084
kodim18,0.4,SMF (3x3),17.918826174334423,0.4685841080255715,7.945015187140759,0.038904200000615674
kodim18,0.4,DBRAMF,27.828096314327144,0.9076436953912721,77.80755093550833,2.2675153000000137
kodim18,0.5,Mean Filter,14.551548951648034,0.14770282915955643,4.572626768067556,0.006574200000613928
kodim18,0.5,SMF (3x3),14.498432887362902,0.2578433933691623,4.517042200093142,0.039654000000155065
kodim18,0.5,DBRAMF,26.548998986949425,0.8680638643553267,72.42871128119857,2.9802261000004364
kodim18,0.6,Mean Filter,13.460479889140311,0.11712649927316494,4.262985211322954,0.005965199999991455
kodim18,0.6,SMF (3x3),11.72191821091997,0.12658356022797684,2.8566541099473173,0.04765399999996589
kodim18,0.6,DBRAMF,25.168954110420213,0.8132242797760801,63.17732714375469,3.5523979000008694
kodim18,0.7,Mean Filter,12.488800699175098,0.08913773923363508,3.9746431960467774,0.00876349999998638
kodim18,0.7,SMF (3x3),9.439253300747138,0.06052667486375945,1.9694429653819108,0.03627269999924465
kodim18,0.7,DBRAMF,23.676153072216692,0.7363741588977215,52.243634856731454,5.087995100000626
kodim18,0.8,Mean Filter,11.633991508647972,0.06520043911178865,3.730186959847216,0.00962710000021616
kodim18,0.8,SMF (3x3),7.6296311594611055,0.029014847089746325,1.4835239590639488,0.0360569000004034
kodim18,0.8,DBRAMF,21.97369167280232,0.6262511360733821,40.336723297053645,6.827604699999938
kodim18,0.9,Mean Filter,10.846102811415655,0.0457496566867595,3.4997977832223155,0.006868700000268291
kodim18,0.9,SMF (3x3),6.140411494952229,0.013301490089348857,1.1843329714973618,0.023375500000838656
kodim18,0.9,DBRAMF,19.566532932580966,0.470517636572794,26.066694606761136,5.329078400000071
kodim19,0.1,Mean Filter,22.614436052549852,0.4297925498553551,5.233477691109035,0.008274099998743623
kodim19,0.1,SMF (3x3),27.500860082633306,0.8447693733271618,16.122514649933507,0.03840010000021721
kodim19,0.1,DBRAMF,37.04620243296251,0.9848819508620432,145.20013336835936,0.614462800000183
kodim19,0.2,Mean Filter,20.161237571463207,0.3038383605778516,5.919977384582142,0.008960599998317775
kodim19,0.2,SMF (3x3),25.529333416174804,0.7971709003552994,20.37650203046264,0.04275269999925513
kodim19,0.2,DBRAMF,33.316135951255596,0.9665166023861391,122.40802352845006,1.1981387000014365
kodim19,0.3,Mean Filter,18.416925976887555,0.23394539116648408,5.950028819076934,0.0068228999989514705
kodim19,0.3,SMF (3x3),21.991976970951633,0.654498374752398,13.552648312572824,0.04494229999909294
kodim19,0.3,DBRAMF,30.76798839808233,0.9435404766779893,102.24105244630249,1.9445899999991525
kodim19,0.4,Mean Filter,17.044442879800954,0.1840893412579144,5.7868652244681416,0.007617100000061328
kodim19,0.4,SMF (3x3),18.27418201086652,0.42350348753557815,7.680991436375699,0.05431060000046273
kodim19,0.4,DBRAMF,28.793815867208288,0.9147284834355276,86.57264103257042,2.5511241999993217
kodim19,0.5,Mean Filter,15.913254530130667,0.14682237698590533,5.572534943409389,0.009602299998732633
kodim19,0.5,SMF (3x3),14.935846670007146,0.2186501886063426,4.449508230612509,0.043200699999943026
kodim19,0.5,DBRAMF,27.031757124549554,0.8782604599122633,72.0946536723244,3.6857659999986936
kodim19,0.6,Mean Filter,14.925924661406025,0.11551644110532223,5.333528107244278,0.008640500000183238
kodim19,0.6,SMF (3x3),12.174820746479075,0.10743900582363486,2.830767472638302,0.045675700001083896
kodim19,0.6,DBRAMF,25.39539001222661,0.8300408208300685,59.423896167617485,3.735379900001135
kodim19,0.7,Mean Filter,14.068541507809424,0.08932926438203768,5.107045371576234,0.0060016000006726244
kodim19,0.7,SMF (3x3),9.922451500927298,0.056021668837777955,1.965896798892817,0.03283059999921534
kodim19,0.7,DBRAMF,23.7950300330306,0.7670390028676193,47.95330765834099,4.289412399999492
kodim19,0.8,Mean Filter,13.3047322068444,0.06715054400692726,4.897127755748179,0.008148400000209222
kodim19,0.8,SMF (3x3),8.102925591998286,0.029985534873746143,1.4782938580177316,0.0421650000007503
kodim19,0.8,DBRAMF,21.851947516566412,0.6756617046586718,35.047977790796935,5.158437800000684
kodim19,0.9,Mean Filter,12.609597713967567,0.04742264877853475,4.693040938516046,0.006897199999002623
kodim19,0.9,SMF (3x3),6.619873075568538,0.013372366030253333,1.1816310073659069,0.03464239999993879
kodim19,0.9,DBRAMF,19.407554708201175,0.5380188669180225,22.45174195576819,5.324367699999129
kodim20,0.1,Mean Filter,21.544835030725302,0.33974027371537263,5.771464517710402,0.007808700000168756
kodim20,0.1,SMF (3x3),30.47519989243819,0.9139037120103,45.115161481305535,0.02784590000010212
kodim20,0.1,DBRAMF,26.997854753182096,0.9619697100308846,20.257600504370828,1.2727989000013622
kodim20,0.2,Mean Filter,18.068802068084846,0.2231297270082824,5.152327769276886,0.005572799998844857
kodim20,0.2,SMF (3x3),27.205893581321515,0.876991126587179,42.23890339471201,0.03671989999929792
kodim20,0.2,DBRAMF,24.136185685289583,0.9365689098878969,20.832521798356627,2.24211810000088
kodim20,0.3,Mean Filter,15.69043425991534,0.1660989856625756,4.472021008520753,0.007397199999104487
kodim20,0.3,SMF (3x3),22.061318119031892,0.7510582049734604,19.39064346196846,0.03815530000065337
kodim20,0.3,DBRAMF,22.65673016688401,0.9106874903564385,22.239930502941913,2.2483654000006936
kodim20,0.4,Mean Filter,13.884262116180361,0.13106653267172663,3.9330496190955127,0.006031599999914761
kodim20,0.4,SMF (3x3),17.504245556842143,0.5309842237128745,9.051650349967332,0.03396460000112711
kodim20,0.4,DBRAMF,21.10389359861699,0.8862612753734647,20.734452574240926,3.1869760000008682
kodim20,0.5,Mean Filter,12.410108335021944,0.10546028233020595,3.4984901298640096,0.007754100000965991
kodim20,0.5,SMF (3x3),13.838202334087185,0.29677438918626703,4.86060190649149,0.031987000000299304
kodim20,0.5,DBRAMF,18.771700398474064,0.849954993860418,15.137001687364682,3.06506249999984
kodim20,0.6,Mean Filter,11.171777429998485,0.08545526141434821,3.1536784294255313,0.006805099999837694
kodim20,0.6,SMF (3x3),10.944970244363859,0.13527249752836065,2.993206564777461,0.031686800000898074
kodim20,0.6,DBRAMF,17.86451122136629,0.8158994345037001,14.726203130465711,4.153262600000744
kodim20,0.7,Mean Filter,10.071737351805865,0.06746332980874013,2.8586383385444782,0.01104959999975108
kodim20,0.7,SMF (3x3),8.583302499936218,0.05411908293737706,2.0291573652562085,0.05102939999960654
kodim20,0.7,DBRAMF,16.796196363772932,0.7677143574585026,13.446371786330053,8.977145500000915
kodim20,0.8,Mean Filter,9.10229682886339,0.05360331549768359,2.614139556946363,0.008330500000738539
kodim20,0.8,SMF (3x3),6.67190329402373,0.022961339240741604,1.493789544581275,0.04123259999869333
kodim20,0.8,DBRAMF,16.217366614970732,0.6995363981351919,13.453514386057083,8.713043199999447
kodim20,0.9,Mean Filter,8.229605743871753,0.04004755458160438,2.4073034938446076,0.0063865000010991935
kodim20,0.9,SMF (3x3),5.147059516178931,0.009747498279021815,1.183794242430879,0.03174530000069353
kodim20,0.9,DBRAMF,14.0524249884057,0.5913749049197565,9.200528407750319,7.970738599999095
kodim21,0.1,Mean Filter,22.837299030476213,0.4458423464905611,5.399305630433933,0.006517200001326273
kodim21,0.1,SMF (3x3),27.838122683854493,0.8761577065742364,17.07734204098975,0.04459320000023581
kodim21,0.1,DBRAMF,33.43351691825343,0.9854378726670553,61.93835977939498,0.7206466000006913
kodim21,0.2,Mean Filter,20.355090560628305,0.31676750691913536,6.08632969490247,0.01064570000016829
kodim21,0.2,SMF (3x3),25.895071127074473,0.8259113957606713,21.7948322613148,0.05117710000013176
kodim21,0.2,DBRAMF,31.52055121297924,0.9695894664960594,79.59788706865301,1.745131499999843
kodim21,0.3,Mean Filter,18.654876296905833,0.24452465872248852,6.172467278751281,0.009905900000376278
kodim21,0.3,SMF (3x3),22.332915471244704,0.679101076029722,14.396692007886958,0.061158699998486554
kodim21,0.3,DBRAMF,29.79061037774287,0.9493774580586991,80.1737512775399,2.4228901000005862
kodim21,0.4,Mean Filter,17.312829565041284,0.19138846454939581,6.039581070830275,0.013112500000715954
kodim21,0.4,SMF (3x3),18.461706765935325,0.4413698579025044,7.868546857012631,0.06117400000039197
kodim21,0.4,DBRAMF,28.206948917531083,0.9232465896661647,74.20253638247289,3.5520693999988
kodim21,0.5,Mean Filter,16.225442068276795,0.1504538366373713,5.867319064061865,0.008193800000299234
kodim21,0.5,SMF (3x3),15.134989438944205,0.23015770237542352,4.564512942110337,0.04434949999995297
kodim21,0.5,DBRAMF,26.721597385385067,0.8886019124307318,65.77414894677642,4.715332800000397
kodim21,0.6,Mean Filter,15.311345196822986,0.1205712937240468,5.698456207900623,0.00928820000081032
kodim21,0.6,SMF (3x3),12.361862476567351,0.11324304886312926,2.8894084802679134,0.054108000000269385
kodim21,0.6,DBRAMF,25.118336011987985,0.8416336320925702,54.50750416274468,5.580595000001267
kodim21,0.7,Mean Filter,14.473043805361492,0.09524466744770574,5.481402064551247,0.008769099998971797
kodim21,0.7,SMF (3x3),10.072117306321474,0.05923424473244067,1.9897522713447908,0.055128899999544956
kodim21,0.7,DBRAMF,23.48699835150182,0.7779748011703157,43.68045098440669,5.401907700001175
kodim21,0.8,Mean Filter,13.728093466612542,0.07042817864775673,5.280261315054859,0.010041300000011688
kodim21,0.8,SMF (3x3),8.209969117268043,0.030099682720797598,1.4819821780174844,0.03718950000074983
kodim21,0.8,DBRAMF,21.579951099348776,0.6898458579770674,32.198910665887546,5.43345600000066
kodim21,0.9,Mean Filter,13.056527017907415,0.051340511925606964,5.086695592924565,0.009506600001259358
kodim21,0.9,SMF (3x3),6.72572828107025,0.014129802863961666,1.18401137542221,0.030128299998978036
kodim21,0.9,DBRAMF,18.893911838641294,0.5674311105878959,19.50626997141899,5.815526999998838
kodim22,0.1,Mean Filter,23.48888133809932,0.4351401824397226,6.258804961978644,0.005617699998765602
kodim22,0.1,SMF (3x3),29.90942196313565,0.8574668321150436,27.450197956590962,0.05167710000023362
kodim22,0.1,DBRAMF,34.14856684943365,0.9830361209272146,72.85510179455298,0.636129799999253
kodim22,0.2,Mean Filter,20.73659129498704,0.29476324373077384,6.625939377531422,0.008195800000976305
kodim22,0.2,SMF (3x3),27.390993104940033,0.8068301558374501,30.668154260365146,0.06750130000000354
kodim22,0.2,DBRAMF,32.75846868392951,0.9654156583498734,105.54440039587612,1.3539414999995643
kodim22,0.3,Mean Filter,18.90085239111429,0.2159519303037855,6.521611393736147,0.005278399999951944
kodim22,0.3,SMF (3x3),23.07627901648717,0.6575571621656867,17.056800868707032,0.040820199999870965
kodim22,0.3,DBRAMF,31.460212759197272,0.9439089714798703,117.56849357473729,1.9692389000010735
kodim22,0.4,Mean Filter,17.521084290908068,0.16671393397905096,6.31204019397986,0.0070226000007096445
kodim22,0.4,SMF (3x3),18.848286512738692,0.41869207450880874,8.56820754845895,0.046805699999822536
kodim22,0.4,DBRAMF,30.0931326432943,0.9162023713289337,114.12337086997033,2.8509992999988754
kodim22,0.5,Mean Filter,16.383070732421917,0.12913490671269406,6.067373125914324,0.008745400000407244
kodim22,0.5,SMF (3x3),15.328600458868866,0.20599310107261232,4.759416109618117,0.06075969999983499
kodim22,0.5,DBRAMF,28.824188947226,0.8806479876766582,106.44187719350533,3.51163120000092
kodim22,0.6,Mean Filter,15.431627814721466,0.10340008861437802,5.84645954850767,0.005647500000122818
kodim22,0.6,SMF (3x3),12.444647144437873,0.09052533841153805,2.938968167179613,0.04024000000026717
kodim22,0.6,DBRAMF,27.650341211375363,0.834212027745864,97.44606104988246,4.5330973000000085
kodim22,0.7,Mean Filter,14.567870410892766,0.08169564125770074,5.592791652304861,0.0078295999992406
kodim22,0.7,SMF (3x3),10.121856144028422,0.042012729941846697,2.009218712429426,0.04209800000171526
kodim22,0.7,DBRAMF,26.26153374506959,0.7689684576256124,82.60283906740207,5.44933889999993
kodim22,0.8,Mean Filter,13.806659271240218,0.06264005127148153,5.364917415974466,0.010826300000189804
kodim22,0.8,SMF (3x3),8.234955419568557,0.020973122529103775,1.4872797194580991,0.04635059999964142
kodim22,0.8,DBRAMF,24.688286672271047,0.6780587298767752,65.72427153133455,6.488794900000357
kodim22,0.9,Mean Filter,13.115203039647355,0.04669600447146156,5.14817459217419,0.005644299999403302
kodim22,0.9,SMF (3x3),6.7364355634523765,0.00986895089959222,1.1851587282253395,0.03505560000121477
kodim22,0.9,DBRAMF,22.216742903273357,0.5420902568378542,41.860773916187,6.629397099999551
kodim23,0.1,Mean Filter,24.018046787914816,0.3889397990857186,7.248535946208696,0.00692220000019006
kodim23,0.1,SMF (3x3),34.22649902604017,0.9508775108981399,76.04935250696552,0.05709319999914442
kodim23,0.1,DBRAMF,34.46579029115551,0.9922043738957637,80.35717255680878,0.8484874999994645
kodim23,0.2,Mean Filter,20.811950991075086,0.24583210697979793,6.955819209321384,0.006367299998601084
kodim23,0.2,SMF (3x3),29.789439493943203,0.9035794060293024,54.96637999263611,0.043900300001041614
kodim23,0.2,DBRAMF,33.81994275080146,0.9855594814216376,139.0424659798836,1.6449885000001814
kodim23,0.3,Mean Filter,18.766301133211464,0.17846944968645606,6.532746847581508,0.006970000000364962
kodim23,0.3,SMF (3x3),23.801513584525825,0.7304411712688773,20.826537572843428,0.05633770000167715
kodim23,0.3,DBRAMF,33.07191880120562,0.9774379467722196,176.05874260482136,1.989769100000558
kodim23,0.4,Mean Filter,17.22858874454126,0.13727050571109198,6.111901227066547,0.006775500000003376
kodim23,0.4,SMF (3x3),19.047101754794223,0.44391857325558354,9.29025485882745,0.05947550000018964
kodim23,0.4,DBRAMF,31.903655672945725,0.9660049084989606,179.34241761277022,2.8196074000006774
kodim23,0.5,Mean Filter,15.980336835657585,0.10757530375689679,5.7306581038780235,0.011439600000812788
kodim23,0.5,SMF (3x3),15.292684722562184,0.19726302590030179,4.891468797578481,0.04785240000092017
kodim23,0.5,DBRAMF,30.816889366045768,0.9518528950391287,174.52584599442787,3.502608799999507
kodim23,0.6,Mean Filter,14.976230160490257,0.08799105212394033,5.441743193396081,0.006362999998600571
kodim23,0.6,SMF (3x3),12.389436127649919,0.07696579038329517,2.9995675000768056,0.053353599998445134
kodim23,0.6,DBRAMF,29.420325341750516,0.9317786416478311,151.4075600620248,4.550685199999862
kodim23,0.7,Mean Filter,14.048277638186555,0.07065314144470532,5.128573567166454,0.0067257000009703916
kodim23,0.7,SMF (3x3),10.024034650023276,0.03430697225739833,2.0303564563948866,0.03586159999940719
kodim23,0.7,DBRAMF,28.018406544272565,0.9017783629500186,127.94092322463658,5.156735099999423
kodim23,0.8,Mean Filter,13.222386877902519,0.05688537138171382,4.848604235358096,0.006091799999921932
kodim23,0.8,SMF (3x3),8.109423733969415,0.01753325142891572,1.4938961985011576,0.06613189999916358
kodim23,0.8,DBRAMF,26.050440025956632,0.8483571859006085,92.98696035547336,5.404823700000634
kodim23,0.9,Mean Filter,12.486746619373081,0.04483503755635522,4.604131516257145,0.0073827999985951465
kodim23,0.9,SMF (3x3),6.601534925829768,0.008676390365376149,1.1874806768119706,0.028824299999541836
kodim23,0.9,DBRAMF,22.650030115761353,0.7421535097891192,47.80530246466555,6.879325599998992
kodim24,0.1,Mean Filter,22.02644365168935,0.4794953013877967,4.782160194734821,0.006203899998581619
kodim24,0.1,SMF (3x3),25.978004400316685,0.8576251205530203,11.879008553820498,0.03448720000051253
kodim24,0.1,DBRAMF,28.450373201763934,0.9750360470925404,20.990224094914975,0.6043437000007543
kodim24,0.2,Mean Filter,19.605181216278027,0.3451089808819473,5.4607681201921485,0.006047200000466546
kodim24,0.2,SMF (3x3),24.592956172310384,0.809564493122397,17.219924030922986,0.035350000000107684
kodim24,0.2,DBRAMF,27.276370734560558,0.9566919216684553,31.942778308727767,0.9434756000009656
kodim24,0.3,Mean Filter,17.845564105233592,0.26233252372072996,5.462625259594967,0.006469299998570932
kodim24,0.3,SMF (3x3),21.518445376258214,0.6757932075999693,12.725930165838163,0.03518119999898772
kodim24,0.3,DBRAMF,26.39461119704884,0.9339871955125184,39.11164818885075,1.305375299998559
kodim24,0.4,Mean Filter,16.422339816127913,0.2053517219438405,5.255850694242812,0.005582300000241958
kodim24,0.4,SMF (3x3),17.923016782572574,0.45701778452843683,7.425243771180959,0.03523440000026312
kodim24,0.4,DBRAMF,24.701405548360235,0.9027410476246631,35.363040036167405,1.6150034999991476
kodim24,0.5,Mean Filter,15.242898994895068,0.16003970351597038,5.009120741755534,0.005288000000291504
kodim24,0.5,SMF (3x3),14.692793984097332,0.2515987569869664,4.413173474094067,0.03488350000043283
kodim24,0.5,DBRAMF,23.310966688188742,0.860491084212831,32.104674385858225,1.9855614000007336
kodim24,0.6,Mean Filter,14.252205793031543,0.12466094634515552,4.782825891577364,0.005271500000162632
kodim24,0.6,SMF (3x3),11.972102474238994,0.12376098161207177,2.8292689912001863,0.03324900000006892
kodim24,0.6,DBRAMF,21.97318414364592,0.8051188429723881,28.299737468394525,2.314076299999215
kodim24,0.7,Mean Filter,13.355590618128465,0.09596275872736777,4.538844484118109,0.005260199999611359
kodim24,0.7,SMF (3x3),9.720358916278204,0.06168283189543773,1.9652695826806448,0.03098619999946095
kodim24,0.7,DBRAMF,20.782283884689875,0.7292689241506313,25.09658500549716,2.6806448999996064
kodim24,0.8,Mean Filter,12.563933392699113,0.0705436207172343,4.32042758456578,0.0059522000010474585
kodim24,0.8,SMF (3x3),7.897324693549775,0.030548838487256685,1.4752508051354232,0.029388000000835746
kodim24,0.8,DBRAMF,19.511018543857762,0.6214337195111046,21.39120478405928,3.460445200000322
kodim24,0.9,Mean Filter,11.81952511287382,0.05030743008639279,4.097776130151585,0.006633799999690382
kodim24,0.9,SMF (3x3),6.415905470045628,0.014778883151241562,1.1808269705256222,0.0243596999989677
kodim24,0.9,DBRAMF,17.774807052808256,0.45740804236202987,16.146426586963692,6.587414100000387
